Subject_all,MeanMVC_all,StrideTime_all,WalkingAmp_all,NumberofBursts_all
1,0.000304367739011502,1.10851454734802,2.33160607166512e-05,4
1,0.000304367739011502,1.11990928649902,3.40545743615721e-05,3
1,0.000304367739011502,1.07750797271729,3.28362118775529e-05,2
1,0.000304367739011502,1.05524921417236,2.32876454102451e-05,4
1,0.000304367739011502,1.08089971542358,2.80683446991084e-05,3
1,0.000304367739011502,1.08611822128296,2.76657500492104e-05,5
1,0.000304367739011502,1.12516975402832,3.62639775728878e-05,2
1,0.000304367739011502,1.06301283836365,2.93048971726804e-05,1
1,0.000304367739011502,1.02430486679077,2.80091322081411e-05,3
1,0.000304367739011502,1.12980175018311,3.24325577901717e-05,3
1,0.000304367739011502,1.08074331283569,3.86396418569014e-05,2
1,0.000304367739011502,1.03850030899048,3.02562217137685e-05,4
1,0.000304367739011502,1.108806848526,2.87117692273524e-05,1
1,0.000304367739011502,1.03551340103149,3.09683192938394e-05,2
1,0.000304367739011502,1.09779334068298,3.7394223945624e-05,2
1,0.000304367739011502,1.04848051071167,3.14426561786391e-05,1
1,0.000304367739011502,1.0522882938385,4.00549916994868e-05,3
1,0.000304367739011502,1.10403513908386,3.5477569191346e-05,3
1,0.000304367739011502,1.09451794624329,3.67339187337972e-05,2
1,0.000304367739011502,1.13673877716064,2.77450047693784e-05,4
1,0.000304367739011502,1.00250053405762,4.10672379769211e-05,3
1,0.000304367739011502,1.16393160820007,3.23374573388948e-05,4
1,0.000304367739011502,1.06271576881409,3.24528708818463e-05,4
1,0.000304367739011502,1.01931166648865,4.32934647989317e-05,3
1,0.000304367739011502,1.03314065933228,2.78552422731159e-05,3
1,0.000304367739011502,1.07068347930908,3.22856701927744e-05,5
1,0.000304367739011502,1.06009292602539,4.12309154612142e-05,2
1,0.000304367739011502,1.08897495269775,3.75064549220123e-05,2
1,0.000304367739011502,1.0850784778595,3.18842234211959e-05,3
1,0.000304367739011502,1.09224128723145,3.82105085364561e-05,4
1,0.000304367739011502,1.082279920578,3.65771407683733e-05,3
1,0.000304367739011502,1.08318877220154,3.40009488838426e-05,5
1,0.000304367739011502,1.11105585098267,3.87745646650278e-05,3
1,0.000304367739011502,1.0551221370697,2.86387001708463e-05,1
1,0.000304367739011502,1.10071969032288,4.03809224054655e-05,4
1,0.000304367739011502,1.08477234840393,3.07798133033685e-05,3
1,0.000304367739011502,1.0836501121521,3.24476138310088e-05,5
1,0.000304367739011502,1.08012938499451,3.2788483668524e-05,4
1,0.000304367739011502,1.08199000358582,3.98988302510112e-05,3
1,0.000304367739011502,1.0727264881134,3.50998262493846e-05,3
1,0.000304367739011502,1.11941170692444,4.63260225475198e-05,4
1,0.000304367739011502,1.16069746017456,4.06420901959274e-05,3
2,0.000131921826431819,1.10935878753662,2.53003990468332e-05,3
2,0.000131921826431819,1.09233832359314,2.3835138569355e-05,4
2,0.000131921826431819,1.10891723632813,2.36405760991061e-05,3
2,0.000131921826431819,1.09748029708862,2.23186160311625e-05,4
2,0.000131921826431819,1.07544612884521,2.43281902567126e-05,3
2,0.000131921826431819,1.08899283409119,2.12154602194399e-05,3
2,0.000131921826431819,1.09332680702209,2.69317460392186e-05,3
2,0.000131921826431819,1.0887348651886,2.31156925268675e-05,2
2,0.000131921826431819,1.09874820709229,2.61763890180465e-05,3
2,0.000131921826431819,1.08481788635254,2.66014823998046e-05,3
2,0.000131921826431819,1.0975980758667,2.35744093602444e-05,1
2,0.000131921826431819,1.08057880401611,2.64560548336044e-05,4
2,0.000131921826431819,1.08585214614868,2.45629511360615e-05,4
2,0.000131921826431819,1.08874082565308,3.03070648026085e-05,5
2,0.000131921826431819,1.10151076316833,3.62834323212622e-05,3
2,0.000131921826431819,1.11388754844666,2.54592908679391e-05,4
2,0.000131921826431819,1.1416003704071,2.00473232148425e-05,4
2,0.000131921826431819,1.10016393661499,2.37127886840966e-05,4
2,0.000131921826431819,1.08715152740479,2.4744381051636e-05,5
2,0.000131921826431819,1.0947117805481,2.78323362371756e-05,2
2,0.000131921826431819,1.08036160469055,2.93986370294672e-05,2
2,0.000131921826431819,1.09624099731445,2.85995007658804e-05,3
2,0.000131921826431819,1.12563490867615,4.01283462548679e-05,3
2,0.000131921826431819,1.09908103942871,2.98459503627554e-05,5
2,0.000131921826431819,1.20915865898132,2.45930546494169e-05,4
2,0.000131921826431819,1.16171002388,2.80378404990231e-05,2
2,0.000131921826431819,1.14800763130188,2.819820706087e-05,6
2,0.000131921826431819,1.13672733306885,2.72919174950713e-05,5
2,0.000131921826431819,1.14471483230591,2.56463723816677e-05,2
2,0.000131921826431819,1.13451552391052,3.6733981272612e-05,3
2,0.000131921826431819,1.13909292221069,2.55306698019023e-05,4
2,0.000131921826431819,1.13946628570557,2.10167661548584e-05,3
2,0.000131921826431819,1.09914350509644,2.73827710770962e-05,4
2,0.000131921826431819,1.11129331588745,3.44776094828292e-05,4
2,0.000131921826431819,1.12726259231567,3.66218364388738e-05,3
2,0.000131921826431819,1.11395215988159,2.3323701460309e-05,2
2,0.000131921826431819,1.12582230567932,2.94532333360875e-05,3
2,0.000131921826431819,1.12988424301147,3.59375584405604e-05,4
2,0.000131921826431819,1.11953258514404,2.55975488730194e-05,4
2,0.000131921826431819,1.13650822639465,3.16160693334924e-05,4
2,0.000131921826431819,1.14204597473145,2.92888244380159e-05,5
3,0.000156795404781956,1.19912981987,1.15442313234275e-05,4
3,0.000156795404781956,1.21453785896301,1.02200114324413e-05,3
3,0.000156795404781956,1.23265099525452,9.64125895542033e-06,4
3,0.000156795404781956,1.21103000640869,1.05861959601251e-05,3
3,0.000156795404781956,1.19440031051636,1.10828315022385e-05,3
3,0.000156795404781956,1.16931653022766,1.15688367463655e-05,4
3,0.000156795404781956,1.22218537330627,1.11153014315946e-05,5
3,0.000156795404781956,1.23854207992554,1.12824719954285e-05,4
3,0.000156795404781956,1.22108888626099,1.08525163115935e-05,6
3,0.000156795404781956,1.2007143497467,8.50765120647196e-06,3
3,0.000156795404781956,1.19411182403564,1.51274186848945e-05,5
3,0.000156795404781956,1.19847726821899,1.16670598048711e-05,4
3,0.000156795404781956,1.22453761100769,1.1102049436306e-05,5
3,0.000156795404781956,1.21429491043091,1.11864382766494e-05,3
3,0.000156795404781956,1.21055603027344,1.16552090554811e-05,5
3,0.000156795404781956,1.21035242080688,1.04442055319465e-05,3
3,0.000156795404781956,1.23466062545776,1.01150104841536e-05,2
3,0.000156795404781956,1.25082993507385,1.02717419055444e-05,3
3,0.000156795404781956,1.23292803764343,1.28117932186127e-05,4
3,0.000156795404781956,1.22554111480713,1.01352805099936e-05,7
3,0.000156795404781956,1.24514627456665,1.7870009567257e-05,5
3,0.000156795404781956,1.24035263061523,1.15525170855294e-05,2
3,0.000156795404781956,1.21884059906006,1.09276253802411e-05,3
3,0.000156795404781956,1.23623275756836,1.03378111137875e-05,4
3,0.000156795404781956,1.24636101722717,1.05003529208835e-05,3
3,0.000156795404781956,1.25485372543335,1.43952824097092e-05,5
3,0.000156795404781956,1.21236491203308,1.63313691930622e-05,2
3,0.000156795404781956,1.20910668373108,1.14937463713652e-05,4
3,0.000156795404781956,1.17131423950195,2.74414143821525e-05,3
3,0.000156795404781956,1.19798994064331,2.52997336291178e-05,4
3,0.000156795404781956,1.20184755325317,2.225188441822e-05,2
3,0.000156795404781956,1.18005609512329,2.31626623328851e-05,2
3,0.000156795404781956,1.16209125518799,2.25476229268054e-05,2
4,0.000106651167857001,1.0274441242218,2.13322700547226e-05,6
4,0.000106651167857001,1.05823516845703,1.64725729049641e-05,3
4,0.000106651167857001,1.06089949607849,1.91749142406234e-05,4
4,0.000106651167857001,1.04028940200806,2.09613264032226e-05,5
4,0.000106651167857001,1.04735040664673,1.88645297845782e-05,3
4,0.000106651167857001,1.03577613830566,1.83130057900815e-05,4
4,0.000106651167857001,1.05184507369995,1.67663999056191e-05,3
4,0.000106651167857001,1.04724740982056,1.64577105363012e-05,4
4,0.000106651167857001,1.05424833297729,2.01276156122562e-05,4
4,0.000106651167857001,1.04684233665466,1.76186133691801e-05,5
4,0.000106651167857001,1.06639695167542,2.14953254136586e-05,4
4,0.000106651167857001,1.07113528251648,1.795510682928e-05,4
4,0.000106651167857001,1.08158683776855,2.22603541144172e-05,3
4,0.000106651167857001,1.04974102973938,1.73628053469489e-05,3
4,0.000106651167857001,1.11260151863098,1.76241899622288e-05,4
4,0.000106651167857001,1.08062839508057,1.74675147981754e-05,4
4,0.000106651167857001,1.09602904319763,1.92948156978578e-05,5
4,0.000106651167857001,1.3069965839386,3.34799598008348e-05,2
4,0.000106651167857001,1.03233051300049,1.73271200076261e-05,4
4,0.000106651167857001,1.01779961585999,2.3148545698384e-05,3
4,0.000106651167857001,1.00081729888916,2.14365186576869e-05,4
4,0.000106651167857001,1.01239895820618,1.94590364847508e-05,3
4,0.000106651167857001,1.03610134124756,1.91535476571827e-05,3
4,0.000106651167857001,1.03398823738098,2.24268093252316e-05,4
4,0.000106651167857001,0.990297555923462,2.19607787132022e-05,3
4,0.000106651167857001,1.01027631759644,2.17142100362675e-05,3
4,0.000106651167857001,1.00774431228638,1.92799349129861e-05,3
4,0.000106651167857001,1.0398576259613,2.05838142256201e-05,3
4,0.000106651167857001,1.01155185699463,1.84079716513822e-05,3
4,0.000106651167857001,1.03961110115051,2.14120610024308e-05,4
4,0.000106651167857001,1.02327179908752,2.00579488897402e-05,4
4,0.000106651167857001,1.02677226066589,2.24679458568166e-05,4
4,0.000106651167857001,1.0382068157196,1.88296932354881e-05,3
4,0.000106651167857001,1.00806212425232,2.26779100749533e-05,4
4,0.000106651167857001,1.0393979549408,2.09185727315899e-05,5
4,0.000106651167857001,1.04327869415283,1.98653106917455e-05,3
4,0.000106651167857001,1.0377402305603,2.24144624433404e-05,5
4,0.000106651167857001,1.07217693328857,2.03473019614137e-05,3
4,0.000106651167857001,1.08182597160339,2.43599754921224e-05,5
4,0.000106651167857001,1.09616994857788,1.88971404072866e-05,5
4,0.000106651167857001,1.07747173309326,2.01377907890506e-05,4
4,0.000106651167857001,1.07085585594177,1.87755930954401e-05,6
4,0.000106651167857001,1.07476830482483,2.02855786644001e-05,3
4,0.000106651167857001,1.06971859931946,1.95086953728887e-05,3
5,0.00029774511917938,1.06861138343811,0.00333700942652313,4
5,0.00029774511917938,1.08358383178711,0.00154177073617407,5
5,0.00029774511917938,1.0545814037323,0.00292208490193594,3
5,0.00029774511917938,1.06974077224731,0.00414944316648397,5
5,0.00029774511917938,1.0516242980957,0.00401860612550149,7
5,0.00029774511917938,1.07007908821106,0.00390032159208691,3
5,0.00029774511917938,1.08797001838684,0.00338295837297074,3
5,0.00029774511917938,1.05491757392883,0.00376758907724307,1
5,0.00029774511917938,1.06912851333618,0.00349400763285311,7
5,0.00029774511917938,1.05642223358154,0.00275430510044376,3
5,0.00029774511917938,1.05341982841492,0.00343727667812447,2
5,0.00029774511917938,1.07150530815125,0.00285983450431981,3
5,0.00029774511917938,1.06527018547058,0.00304429411202801,1
5,0.00029774511917938,1.07487869262695,0.0038139443519901,1
5,0.00029774511917938,1.08497905731201,0.00277089268091882,1
5,0.00029774511917938,1.07316946983337,0.00291996734894776,6
5,0.00029774511917938,1.04607796669006,0.0030930671161225,5
5,0.00029774511917938,1.09450674057007,0.00356680000197436,4
5,0.00029774511917938,1.06482553482056,0.00359112241240587,5
5,0.00029774511917938,1.04522180557251,0.00719336673481381,3
5,0.00029774511917938,1.10687446594238,0.00511305047058998,1
5,0.00029774511917938,1.05979204177856,0.00173562845859195,1
5,0.00029774511917938,1.0570080280304,0.00206438630291106,4
5,0.00029774511917938,1.05612921714783,0.00213494968078329,4
5,0.00029774511917938,1.0583131313324,0.00241536026650201,3
5,0.00029774511917938,1.02658200263977,0.00430536486902845,4
5,0.00029774511917938,1.08885645866394,0.00373699850106525,2
5,0.00029774511917938,1.0746214389801,0.00435315523149686,4
5,0.00029774511917938,1.05567669868469,0.00302877772693398,2
5,0.00029774511917938,1.06602358818054,0.00294476574306353,3
5,0.00029774511917938,1.05579471588135,0.0028885213420208,4
5,0.00029774511917938,1.0629870891571,0.00270025369320968,3
5,0.00029774511917938,1.05041027069092,0.00263827002340819,1
5,0.00029774511917938,1.07577967643738,0.0028444477438186,4
5,0.00029774511917938,1.04465484619141,0.00343685441924667,3
5,0.00029774511917938,1.05793380737305,0.00400847473760196,1
5,0.00029774511917938,1.06148958206177,0.00270079839472752,1
5,0.00029774511917938,1.08041095733643,0.00344714519993949,4
5,0.00029774511917938,1.07042026519775,0.00278686270720577,4
5,0.00029774511917938,1.04064226150513,0.00285918496781558,3
5,0.00029774511917938,1.08750915527344,0.00392887155809548,2
5,0.00029774511917938,1.06386804580688,0.00438343655217269,1
6,0.000323834744134663,1.05976557731628,3.13055381549223e-05,3
6,0.000323834744134663,1.07669067382813,3.76842424180754e-05,5
6,0.000323834744134663,1.06316184997559,3.36392606847587e-05,3
6,0.000323834744134663,1.03051471710205,3.8573056983505e-05,3
6,0.000323834744134663,1.02709126472473,4.03701228576433e-05,4
6,0.000323834744134663,1.03600978851318,4.29698256761954e-05,3
6,0.000323834744134663,1.01426458358765,3.97990994797374e-05,3
6,0.000323834744134663,1.04148197174072,3.59058279346157e-05,6
6,0.000323834744134663,1.02730178833008,4.47353700354296e-05,1
6,0.000323834744134663,1.00199961662292,4.61236051847343e-05,1
6,0.000323834744134663,1.02290368080139,4.43590514177727e-05,2
6,0.000323834744134663,1.02103042602539,4.52135099942329e-05,1
6,0.000323834744134663,1.01809883117676,3.64590603076607e-05,1
6,0.000323834744134663,1.05549645423889,3.64145704428863e-05,3
6,0.000323834744134663,1.01634621620178,3.20550570109305e-05,3
6,0.000323834744134663,1.04124355316162,3.51064399153913e-05,2
6,0.000323834744134663,1.03506398200989,3.32229003490614e-05,3
6,0.000323834744134663,1.03180909156799,2.55545164904307e-05,3
6,0.000323834744134663,1.04903507232666,3.0707944206924e-05,4
6,0.000323834744134663,1.04786324501038,2.76955025080092e-05,2
6,0.000323834744134663,1.06586313247681,2.425599192846e-05,4
6,0.000323834744134663,1.05010366439819,4.05086386484476e-05,2
6,0.000323834744134663,1.03230977058411,2.81573972063314e-05,3
6,0.000323834744134663,1.05546975135803,3.24193761039093e-05,5
6,0.000323834744134663,1.0424907207489,5.50728870613199e-05,1
6,0.000323834744134663,1.07463812828064,2.32867357254023e-05,3
6,0.000323834744134663,1.05329561233521,4.28880774481201e-05,3
6,0.000323834744134663,1.08014178276062,3.93354225889323e-05,3
6,0.000323834744134663,1.05711841583252,3.15330214119415e-05,4
6,0.000323834744134663,1.0662567615509,2.4687650568686e-05,3
6,0.000323834744134663,1.04005408287048,4.36821695133468e-05,4
6,0.000323834744134663,1.04474282264709,3.41556402859406e-05,2
6,0.000323834744134663,1.03434133529663,3.02208261597638e-05,3
6,0.000323834744134663,1.0593101978302,3.18610250401505e-05,3
6,0.000323834744134663,1.02397513389587,3.23216851740436e-05,6
6,0.000323834744134663,1.05292224884033,2.63642643335088e-05,3
6,0.000323834744134663,1.05981492996216,2.39033161543328e-05,2
6,0.000323834744134663,1.01876187324524,2.90835701098488e-05,4
6,0.000323834744134663,1.01423358917236,2.7574834919283e-05,3
6,0.000323834744134663,1.02514719963074,2.56035753517532e-05,5
6,0.000323834744134663,1.00849986076355,3.08736456365787e-05,3
6,0.000323834744134663,0.989748001098633,3.06022384711655e-05,3
6,0.000323834744134663,1.01244711875916,2.74027808254789e-05,5
6,0.000323834744134663,0.99665379524231,2.29588307707078e-05,2
6,0.000323834744134663,0.990576505661011,2.75081470419802e-05,3
7,0.000315633589108719,1.17066860198975,2.75583079809569e-05,3
7,0.000315633589108719,0.964205265045166,2.31989408413925e-05,3
7,0.000315633589108719,0.940534591674805,2.91144439728483e-05,5
7,0.000315633589108719,1.02383780479431,2.82116923344139e-05,2
7,0.000315633589108719,0.994149446487427,2.47849335312586e-05,4
7,0.000315633589108719,1.08112502098083,2.69403949006026e-05,1
7,0.000315633589108719,1.11121511459351,2.85008112829156e-05,5
7,0.000315633589108719,0.970736742019653,3.18577701998934e-05,3
7,0.000315633589108719,1.09200859069824,2.50988877124641e-05,4
7,0.000315633589108719,1.0781102180481,2.01828314944181e-05,5
7,0.000315633589108719,1.07235288619995,2.35931267738778e-05,5
7,0.000315633589108719,1.06640195846558,2.94729842253026e-05,3
7,0.000315633589108719,1.13550782203674,2.50670518427483e-05,5
7,0.000315633589108719,1.13634824752808,2.8950293315321e-05,6
7,0.000315633589108719,1.08288908004761,3.11355518683373e-05,4
7,0.000315633589108719,0.947147607803345,3.77697921014699e-05,6
7,0.000315633589108719,1.12512755393982,2.95404708523755e-05,4
7,0.000315633589108719,0.965594530105591,2.95491913098659e-05,5
7,0.000315633589108719,1.12640023231506,2.28747611593784e-05,2
7,0.000315633589108719,0.932337522506714,2.16157425633127e-05,4
7,0.000315633589108719,1.05471849441528,2.42633460411013e-05,5
7,0.000315633589108719,1.05288481712341,2.40430800391552e-05,3
7,0.000315633589108719,1.24065446853638,3.23578845254087e-05,3
7,0.000315633589108719,0.97395920753479,2.54983943003662e-05,1
7,0.000315633589108719,1.05458760261536,3.17927902732271e-05,2
7,0.000315633589108719,1.01660013198853,2.69594393550232e-05,2
7,0.000315633589108719,0.915732145309448,2.65920996312286e-05,2
7,0.000315633589108719,1.04779195785522,3.31504455279791e-05,4
7,0.000315633589108719,1.04514408111572,2.45590553936058e-05,4
7,0.000315633589108719,1.07849931716919,3.39989684756745e-05,5
7,0.000315633589108719,1.03590321540833,2.76618900570406e-05,6
7,0.000315633589108719,1.16274738311768,2.70019614925619e-05,4
7,0.000315633589108719,0.949270009994507,2.70304215606149e-05,3
7,0.000315633589108719,1.13307189941406,3.50135073761377e-05,4
7,0.000315633589108719,1.06303977966309,2.94824210568682e-05,4
8,0.000152753904416322,1.02639722824097,2.15172806562145e-05,4
8,0.000152753904416322,1.03530979156494,2.88633844266191e-05,7
8,0.000152753904416322,1.05131340026855,2.26658990445619e-05,6
8,0.000152753904416322,1.09097194671631,2.29825012575886e-05,7
8,0.000152753904416322,1.04506611824036,2.53725211133632e-05,4
8,0.000152753904416322,0.963001489639282,2.66804727468349e-05,3
8,0.000152753904416322,1.01722478866577,2.88960111146333e-05,2
8,0.000152753904416322,1.02856469154358,2.45263971620648e-05,4
8,0.000152753904416322,1.03913402557373,2.53773336167855e-05,3
8,0.000152753904416322,1.01862335205078,2.38425414459382e-05,3
8,0.000152753904416322,0.987797498703003,3.03363960382199e-05,4
8,0.000152753904416322,1.03456902503967,2.31377003211415e-05,4
8,0.000152753904416322,1.01775908470154,2.62926074183567e-05,3
8,0.000152753904416322,1.0407190322876,2.56819508027885e-05,3
8,0.000152753904416322,1.04211378097534,2.52607687223745e-05,3
8,0.000152753904416322,1.0443274974823,2.97243518613002e-05,2
8,0.000152753904416322,1.04027009010315,2.51322100886875e-05,3
8,0.000152753904416322,0.999731302261353,2.8180537103748e-05,3
8,0.000152753904416322,1.02501678466797,2.57644925539083e-05,4
8,0.000152753904416322,1.01531720161438,2.40077277745261e-05,2
8,0.000152753904416322,0.990883350372314,2.68812059772004e-05,2
8,0.000152753904416322,1.07889771461487,2.62543577625006e-05,3
8,0.000152753904416322,0.971893310546875,2.65383179259174e-05,5
8,0.000152753904416322,0.941292762756348,2.76239613761574e-05,4
8,0.000152753904416322,1.06673526763916,1.88764849105172e-05,8
8,0.000152753904416322,1.0857367515564,2.51352485247037e-05,5
8,0.000152753904416322,0.912456035614014,2.66213088270973e-05,2
8,0.000152753904416322,1.12980818748474,2.73215831874847e-05,5
8,0.000152753904416322,0.892593622207642,2.66463257212826e-05,3
8,0.000152753904416322,1.06945586204529,2.12881764485691e-05,6
8,0.000152753904416322,1.01562213897705,2.56290887278972e-05,6
8,0.000152753904416322,0.933160066604614,2.68042534062536e-05,2
8,0.000152753904416322,1.0428512096405,2.65863940153247e-05,3
8,0.000152753904416322,1.09246730804443,2.49174727202649e-05,4
8,0.000152753904416322,0.900997161865234,2.59678602085668e-05,2
8,0.000152753904416322,1.10529732704163,2.58929245643031e-05,5
8,0.000152753904416322,0.989606380462646,2.53860047283953e-05,4
8,0.000152753904416322,0.920844793319702,3.12879724003765e-05,3
8,0.000152753904416322,1.06585359573364,3.05531666645522e-05,4
8,0.000152753904416322,0.927910566329956,2.64771816388972e-05,4
8,0.000152753904416322,1.09046173095703,2.14014373168614e-05,4
8,0.000152753904416322,0.960249662399292,2.93508624567529e-05,4
8,0.000152753904416322,1.07259249687195,2.27465483356809e-05,3
8,0.000152753904416322,0.920811891555786,2.47171469681803e-05,3
8,0.000152753904416322,1.02215242385864,2.51646991760978e-05,4
8,0.000152753904416322,1.01131463050842,2.36890902894253e-05,3
9,0.000153167154830091,1.14204359054565,1.72009365714027e-05,2
9,0.000153167154830091,1.13637542724609,1.74158309373129e-05,3
9,0.000153167154830091,1.13924646377563,1.91919829849782e-05,2
9,0.000153167154830091,1.15688896179199,1.74257078681944e-05,3
9,0.000153167154830091,1.12828540802002,1.73383135792611e-05,2
9,0.000153167154830091,1.13776421546936,1.77214414843213e-05,2
9,0.000153167154830091,1.12874555587769,1.81603212164565e-05,3
9,0.000153167154830091,1.14136958122253,1.93806016274526e-05,2
9,0.000153167154830091,1.16136717796326,1.73669517395829e-05,2
9,0.000153167154830091,1.11764240264893,2.00001561722594e-05,2
9,0.000153167154830091,1.14432692527771,2.1759067141576e-05,2
9,0.000153167154830091,1.13922190666199,1.71669867065374e-05,3
9,0.000153167154830091,1.15846371650696,1.57721557644679e-05,3
9,0.000153167154830091,1.12011957168579,1.97695600716763e-05,2
9,0.000153167154830091,1.13139533996582,1.97138597530831e-05,2
9,0.000153167154830091,1.14640307426453,1.61940091402553e-05,4
9,0.000153167154830091,1.15475344657898,1.70067441746813e-05,2
9,0.000153167154830091,1.11560392379761,1.67751202619671e-05,2
9,0.000153167154830091,1.15357398986816,1.86137896850652e-05,2
9,0.000153167154830091,1.13402414321899,1.51530565306229e-05,2
9,0.000153167154830091,1.16674280166626,1.62355237714954e-05,3
9,0.000153167154830091,1.12629270553589,1.70842251591393e-05,2
9,0.000153167154830091,1.23558473587036,1.98986660587928e-05,4
9,0.000153167154830091,1.23136639595032,1.41818912892731e-05,4
9,0.000153167154830091,1.16967463493347,1.89960107247536e-05,2
9,0.000153167154830091,1.1485915184021,4.82674516042934e-05,3
9,0.000153167154830091,1.11797547340393,2.11126709617029e-05,2
9,0.000153167154830091,1.10847020149231,1.47834325350631e-05,3
9,0.000153167154830091,1.1411759853363,1.76333160898869e-05,2
9,0.000153167154830091,1.14900541305542,1.52634841766865e-05,4
9,0.000153167154830091,1.14326286315918,1.58580331955736e-05,2
9,0.000153167154830091,1.14558124542236,2.02525855914839e-05,2
9,0.000153167154830091,1.07982778549194,1.63406625079553e-05,2
9,0.000153167154830091,1.17511582374573,2.21202762709278e-05,2
9,0.000153167154830091,1.06649422645569,1.90355117661117e-05,3
9,0.000153167154830091,1.11212539672852,1.51704193355439e-05,2
9,0.000153167154830091,1.10759782791138,1.66997133860498e-05,3
9,0.000153167154830091,1.1178674697876,1.64496009797901e-05,4
9,0.000153167154830091,1.12485480308533,1.90717089875664e-05,2
10,0.00026433884809129,1.23959040641785,0.000165622215290195,6
10,0.00026433884809129,1.09910011291504,0.00022189408169184,2
10,0.00026433884809129,1.34789872169495,0.000295154176315947,2
10,0.00026433884809129,1.15485405921936,0.000422923953111739,2
10,0.00026433884809129,1.24200701713562,0.000123994548123932,5
10,0.00026433884809129,1.34718012809753,0.000270668865894975,4
10,0.00026433884809129,1.14076519012451,0.000260391492112453,4
10,0.00026433884809129,1.26587748527527,0.000279422877077455,4
10,0.00026433884809129,1.32994031906128,0.000261624228191001,5
10,0.00026433884809129,1.18419766426086,0.000218478805353194,3
10,0.00026433884809129,1.21721076965332,0.00032972663372662,2
10,0.00026433884809129,1.23429656028748,0.00024046402184846,6
10,0.00026433884809129,1.24611496925354,0.000317531706247018,5
10,0.00026433884809129,1.2504734992981,0.000262648923705673,3
10,0.00026433884809129,1.36718821525574,0.000310339699494376,6
10,0.00026433884809129,1.24751663208008,0.00030777889216267,4
10,0.00026433884809129,1.1524932384491,0.000277448333276791,4
10,0.00026433884809129,1.33944416046143,0.000318394016009684,4
10,0.00026433884809129,1.33458471298218,0.000152769865040732,5
10,0.00026433884809129,1.25905179977417,0.000261459203677633,3
10,0.00026433884809129,1.29856109619141,0.000307412236392834,4
10,0.00026433884809129,1.280428647995,0.000322408091909093,3
10,0.00026433884809129,1.25905013084412,0.000262791314106753,5
10,0.00026433884809129,1.27774667739868,0.000323276873571675,5
10,0.00026433884809129,1.37856197357178,0.000382581808114647,4
10,0.00026433884809129,1.26706790924072,0.00028670942324569,4
10,0.00026433884809129,1.1966598033905,0.000271207950805643,3
10,0.00026433884809129,1.25250387191772,0.00025660918132897,4
10,0.00026433884809129,1.37853217124939,0.000309002010179472,3
10,0.00026433884809129,1.20023536682129,0.000310397131492177,3
10,0.00026433884809129,1.37689256668091,0.000303666621742051,4
10,0.00026433884809129,1.15472364425659,0.000304928027005873,4
10,0.00026433884809129,1.33313512802124,0.000266452212362961,3
10,0.00026433884809129,1.12029409408569,0.000273643941619477,4
10,0.00026433884809129,1.25315856933594,0.000303991599129725,6
10,0.00026433884809129,1.36801600456238,0.000349648796573024,3
11,0.000231626815651838,1.06658124923706,2.75243907693508e-05,4
11,0.000231626815651838,1.07040739059448,2.57017109621252e-05,4
11,0.000231626815651838,1.07807016372681,2.18448676350902e-05,5
11,0.000231626815651838,1.03936123847961,2.2728911909967e-05,6
11,0.000231626815651838,1.05987000465393,2.59968882022594e-05,4
11,0.000231626815651838,1.05907368659973,2.19324508426828e-05,6
11,0.000231626815651838,1.06380081176758,2.4497659825123e-05,4
11,0.000231626815651838,1.04619550704956,2.69733203198492e-05,4
11,0.000231626815651838,1.03764939308167,2.7709390877809e-05,5
11,0.000231626815651838,1.03712892532349,2.48550864043023e-05,4
11,0.000231626815651838,1.06970810890198,2.93246060618947e-05,3
11,0.000231626815651838,0.994511365890503,2.74215956355883e-05,4
11,0.000231626815651838,1.03935050964355,3.1655127418777e-05,5
11,0.000231626815651838,1.06524133682251,2.62879873535438e-05,4
11,0.000231626815651838,1.00853633880615,2.84250781367356e-05,6
11,0.000231626815651838,1.05480456352234,2.65874222952126e-05,6
11,0.000231626815651838,1.04502582550049,2.72239650670106e-05,4
11,0.000231626815651838,1.07533621788025,2.2980908481788e-05,6
11,0.000231626815651838,1.08236265182495,2.76321172917136e-05,4
11,0.000231626815651838,1.03000497817993,3.05412660788885e-05,5
11,0.000231626815651838,1.17653751373291,2.30769118089458e-05,4
11,0.000231626815651838,0.970577001571655,3.09810985690132e-05,1
11,0.000231626815651838,1.01236391067505,2.95428432929478e-05,4
11,0.000231626815651838,1.0534393787384,3.05450304575825e-05,5
11,0.000231626815651838,1.06499791145325,2.77253594539538e-05,4
11,0.000231626815651838,1.03220868110657,2.40906165881084e-05,5
11,0.000231626815651838,1.07951903343201,2.89426384872485e-05,3
11,0.000231626815651838,1.07829284667969,3.0768367330617e-05,4
11,0.000231626815651838,1.04648375511169,2.75734816992061e-05,4
11,0.000231626815651838,1.10508728027344,2.89394670542205e-05,4
11,0.000231626815651838,1.03979229927063,2.49310392646262e-05,4
11,0.000231626815651838,1.04862642288208,2.78835848801581e-05,3
11,0.000231626815651838,1.10573744773865,2.43569623071926e-05,5
11,0.000231626815651838,1.08111929893494,2.80802296383e-05,6
11,0.000231626815651838,1.08453559875488,2.35864590876341e-05,6
11,0.000231626815651838,1.12998294830322,2.52019331473762e-05,7
11,0.000231626815651838,1.06217908859253,2.91070094803526e-05,4
11,0.000231626815651838,1.04628920555115,2.99803984950837e-05,4
11,0.000231626815651838,1.08439326286316,2.67859878864029e-05,4
11,0.000231626815651838,1.13123750686646,2.94043194155396e-05,6
11,0.000231626815651838,1.02749300003052,3.01613417992399e-05,8
11,0.000231626815651838,1.08956837654114,2.94149330005365e-05,6
11,0.000231626815651838,1.09928393363953,2.44106406103829e-05,5
11,0.000231626815651838,1.06958651542664,2.41615567972657e-05,4
12,0.000129923678532274,1.00957679748535,2.78526742981324e-05,5
12,0.000129923678532274,1.00578761100769,2.78324726021416e-05,3
12,0.000129923678532274,1.002849817276,2.33411501073765e-05,4
12,0.000129923678532274,1.01331758499146,2.46675117754427e-05,4
12,0.000129923678532274,0.993364572525024,2.62364453488953e-05,3
12,0.000129923678532274,1.00455713272095,2.52569941930271e-05,3
12,0.000129923678532274,1.00203156471252,2.67954849982648e-05,5
12,0.000129923678532274,1.02597498893738,2.48468871113158e-05,4
12,0.000129923678532274,1.00682854652405,2.17985366705159e-05,4
12,0.000129923678532274,0.993140697479248,2.39477968060276e-05,5
12,0.000129923678532274,0.991373538970947,2.32344671415474e-05,4
12,0.000129923678532274,1.01784086227417,2.4712904210755e-05,4
12,0.000129923678532274,1.02817058563232,2.37152563263779e-05,5
12,0.000129923678532274,1.00140881538391,2.61223310540095e-05,3
12,0.000129923678532274,0.977441072463989,2.50879269091179e-05,4
12,0.000129923678532274,0.990271329879761,2.90286807819558e-05,3
12,0.000129923678532274,1.00036430358887,2.77604634271412e-05,2
12,0.000129923678532274,1.00313568115234,2.77535209934256e-05,4
12,0.000129923678532274,1.0172803401947,2.37917533486352e-05,5
12,0.000129923678532274,1.04605293273926,2.32277580463014e-05,6
12,0.000129923678532274,1.01862049102783,2.35729495312415e-05,3
12,0.000129923678532274,1.05315923690796,2.15118288692257e-05,4
12,0.000129923678532274,1.06826758384705,1.93416000441716e-05,4
12,0.000129923678532274,1.25884819030762,1.98050184343309e-05,6
12,0.000129923678532274,0.969292402267456,2.00403509559093e-05,4
12,0.000129923678532274,1.20316600799561,1.65379687867485e-05,4
12,0.000129923678532274,0.929510593414307,2.68598512852178e-05,5
12,0.000129923678532274,1.0143256187439,2.99135032678329e-05,4
12,0.000129923678532274,0.977229595184326,2.72839853751716e-05,4
12,0.000129923678532274,0.939386606216431,2.69400902568727e-05,5
12,0.000129923678532274,1.00209259986877,2.02741651344001e-05,4
12,0.000129923678532274,1.0025999546051,2.35144050143863e-05,3
12,0.000129923678532274,1.03850865364075,2.33535184485186e-05,4
12,0.000129923678532274,0.936916589736938,2.63994985613338e-05,4
12,0.000129923678532274,1.00510311126709,2.67186323147993e-05,3
12,0.000129923678532274,0.930312395095825,2.61239919892668e-05,5
12,0.000129923678532274,0.974002122879028,2.52307723436464e-05,4
12,0.000129923678532274,1.03117799758911,2.95551692118875e-05,5
12,0.000129923678532274,0.902635097503662,2.30705502484551e-05,5
12,0.000129923678532274,1.03504109382629,2.20282345022768e-05,5
12,0.000129923678532274,0.902982711791992,2.3227668925393e-05,4
12,0.000129923678532274,1.00486493110657,2.76535797843102e-05,3
12,0.000129923678532274,0.967302560806274,2.56157709875926e-05,4
12,0.000129923678532274,0.983916282653809,2.48311197503882e-05,3
12,0.000129923678532274,0.972157955169678,2.49045615023524e-05,4
12,0.000129923678532274,0.97356128692627,2.61769297279182e-05,5
13,0.000459581074927472,1.10495638847351,2.58019358632286e-05,3
13,0.000459581074927472,1.10998868942261,2.24233926706044e-05,4
13,0.000459581074927472,1.19090437889099,2.28621113985145e-05,2
13,0.000459581074927472,1.00507116317749,2.68119479520774e-05,4
13,0.000459581074927472,1.17809748649597,2.60239646598802e-05,3
13,0.000459581074927472,1.02387237548828,2.51833242379307e-05,3
13,0.000459581074927472,1.07635831832886,2.47298406667078e-05,2
13,0.000459581074927472,1.05118179321289,2.80691772704309e-05,3
13,0.000459581074927472,1.08134341239929,2.17825276192079e-05,4
13,0.000459581074927472,1.06350064277649,2.47690579752067e-05,3
13,0.000459581074927472,1.07385802268982,2.6409934990868e-05,3
13,0.000459581074927472,1.06481528282166,2.54179239502016e-05,3
13,0.000459581074927472,1.08550882339478,2.60877944495494e-05,2
13,0.000459581074927472,1.20462965965271,2.26089273646579e-05,3
13,0.000459581074927472,1.00363731384277,2.51414995347658e-05,4
13,0.000459581074927472,1.15830230712891,2.70983404394804e-05,6
13,0.000459581074927472,1.08989310264587,2.5448678201991e-05,6
13,0.000459581074927472,1.15474724769592,2.65743382474566e-05,3
13,0.000459581074927472,1.0694375038147,2.77577743847912e-05,2
13,0.000459581074927472,1.17211079597473,2.83816876948609e-05,3
13,0.000459581074927472,1.10419321060181,2.44011387180545e-05,2
13,0.000459581074927472,1.08286476135254,2.27151826466832e-05,4
13,0.000459581074927472,1.39787101745605,2.21249497518842e-05,5
13,0.000459581074927472,1.16536140441895,2.45018066042826e-05,4
13,0.000459581074927472,1.13261437416077,2.15919397307599e-05,4
13,0.000459581074927472,1.14753341674805,2.51956639386032e-05,4
13,0.000459581074927472,1.13604950904846,2.65338961478293e-05,3
13,0.000459581074927472,1.1231746673584,2.47916765597796e-05,5
13,0.000459581074927472,1.07500290870667,2.8085430045591e-05,3
13,0.000459581074927472,1.11623334884644,2.68555277745646e-05,3
13,0.000459581074927472,1.18255829811096,2.57778355941714e-05,3
13,0.000459581074927472,1.10230112075806,2.63325335617289e-05,3
13,0.000459581074927472,1.09881186485291,2.56397176390562e-05,4
13,0.000459581074927472,1.10606074333191,2.45552942114115e-05,4
13,0.000459581074927472,1.09899210929871,2.92196164956411e-05,4
13,0.000459581074927472,1.12509202957153,2.77640052688429e-05,2
13,0.000459581074927472,1.12272238731384,2.3454123187455e-05,3
13,0.000459581074927472,1.0996036529541,2.59605549571977e-05,3
13,0.000459581074927472,1.17024683952332,2.68036452033276e-05,3
13,0.000459581074927472,1.03125214576721,3.02735406251815e-05,4
14,0.000102570153817378,1.00237512588501,2.35836212808666e-05,3
14,0.000102570153817378,0.980916261672974,2.21179486801833e-05,5
14,0.000102570153817378,1.0106885433197,2.15971297599204e-05,2
14,0.000102570153817378,1.00243949890137,2.22329841808991e-05,3
14,0.000102570153817378,0.988065958023071,2.26136420370509e-05,3
14,0.000102570153817378,1.06529378890991,2.88052351791676e-05,3
14,0.000102570153817378,0.931471586227417,2.237502572513e-05,3
14,0.000102570153817378,1.02970767021179,2.55612592458077e-05,3
14,0.000102570153817378,0.989147186279297,2.83393663337593e-05,2
14,0.000102570153817378,0.994680881500244,2.56448649092361e-05,2
14,0.000102570153817378,0.9903883934021,2.37430111409992e-05,2
14,0.000102570153817378,0.993218183517456,1.853776901002e-05,2
14,0.000102570153817378,0.995811462402344,2.40367714759218e-05,3
14,0.000102570153817378,1.01296186447144,2.11109012132543e-05,5
14,0.000102570153817378,0.986820459365845,2.33291350423867e-05,3
14,0.000102570153817378,0.989449739456177,2.22553368172171e-05,3
14,0.000102570153817378,1.16432881355286,1.91464911019652e-05,4
14,0.000102570153817378,1.15930342674255,2.85446263480933e-05,4
14,0.000102570153817378,0.984007120132446,2.58405005787947e-05,2
14,0.000102570153817378,0.965118885040283,3.31114117339769e-05,2
14,0.000102570153817378,1.1438570022583,2.5275109842226e-05,3
14,0.000102570153817378,0.95666766166687,2.67956079915083e-05,2
14,0.000102570153817378,0.94104790687561,3.0018155484975e-05,2
14,0.000102570153817378,0.951290130615234,2.67333158943648e-05,2
14,0.000102570153817378,0.968623399734497,2.69055431262771e-05,2
14,0.000102570153817378,1.011070728302,2.56177409798332e-05,3
14,0.000102570153817378,1.04466843605042,2.42841390232258e-05,2
14,0.000102570153817378,1.01923131942749,2.25109462024374e-05,3
14,0.000102570153817378,0.985863447189331,2.60621439540548e-05,2
14,0.000102570153817378,0.970513820648193,2.88331200848908e-05,3
14,0.000102570153817378,0.92124080657959,2.53210514187421e-05,2
14,0.000102570153817378,1.00492429733276,2.47294607899506e-05,3
14,0.000102570153817378,0.951961517333984,2.32533488653267e-05,2
14,0.000102570153817378,1.02067995071411,2.02500046154563e-05,2
14,0.000102570153817378,0.996099233627319,1.89367946041167e-05,4
14,0.000102570153817378,0.999368190765381,2.22932849161177e-05,2
14,0.000102570153817378,1.1072404384613,2.19296705212485e-05,4
14,0.000102570153817378,0.905657052993774,2.31427507796793e-05,3
14,0.000102570153817378,1.01410007476807,1.96727308765015e-05,2
14,0.000102570153817378,0.978657007217407,2.59375526435402e-05,3
15,0.000146366449061241,1.26570677757263,2.14655278712462e-05,2
15,0.000146366449061241,1.22539377212524,1.96156113160208e-05,2
15,0.000146366449061241,1.16787934303284,1.86118576026007e-05,2
15,0.000146366449061241,1.20449352264404,1.95079125365791e-05,4
15,0.000146366449061241,1.14427661895752,2.39262616240526e-05,1
15,0.000146366449061241,1.23658347129822,2.35719270195753e-05,3
15,0.000146366449061241,1.15368914604187,1.93421391785913e-05,4
15,0.000146366449061241,1.09718799591064,2.4543750259762e-05,3
15,0.000146366449061241,1.30114912986755,2.36956502497677e-05,3
15,0.000146366449061241,1.07272696495056,2.45849642595375e-05,5
15,0.000146366449061241,1.240473985672,1.93694931393419e-05,5
15,0.000146366449061241,1.0963659286499,2.18743634608501e-05,5
15,0.000146366449061241,1.1963198184967,1.97852948006149e-05,2
15,0.000146366449061241,1.08578181266785,2.43932647870963e-05,2
15,0.000146366449061241,1.39554643630981,2.23631848910482e-05,2
16,0.000373107907294445,1.09006428718567,3.53271960767369e-05,2
16,0.000373107907294445,1.10595560073853,3.68416067889959e-05,3
16,0.000373107907294445,1.12235832214355,3.55934748728311e-05,3
16,0.000373107907294445,1.09684419631958,3.61827447053393e-05,2
16,0.000373107907294445,1.10345220565796,3.2671481934545e-05,2
16,0.000373107907294445,1.10703182220459,4.00104145095351e-05,2
16,0.000373107907294445,1.12164354324341,4.04841744079999e-05,2
16,0.000373107907294445,1.12267065048218,3.71311173415936e-05,2
16,0.000373107907294445,1.13419580459595,3.42817099070712e-05,2
16,0.000373107907294445,1.13031768798828,3.7710227833542e-05,2
16,0.000373107907294445,1.1146183013916,3.80069693022283e-05,2
16,0.000373107907294445,1.13313603401184,3.9029631081733e-05,2
16,0.000373107907294445,1.11878252029419,4.13726492359355e-05,3
16,0.000373107907294445,1.11842513084412,4.1016224533523e-05,2
16,0.000373107907294445,1.14251756668091,3.58020034557727e-05,2
16,0.000373107907294445,1.13024759292603,4.38952062483461e-05,2
16,0.000373107907294445,1.13670468330383,4.24862998588785e-05,2
16,0.000373107907294445,1.15234184265137,3.62389825728308e-05,2
16,0.000373107907294445,1.4597589969635,2.38891409712047e-05,4
16,0.000373107907294445,1.10390877723694,4.46586381490574e-05,2
16,0.000373107907294445,1.11039566993713,3.41344160576357e-05,2
16,0.000373107907294445,1.11634016036987,4.09438480729398e-05,2
16,0.000373107907294445,1.11967086791992,3.50395671632587e-05,3
16,0.000373107907294445,1.10124707221985,3.89403971154892e-05,3
16,0.000373107907294445,1.09283900260925,4.13334872597219e-05,2
16,0.000373107907294445,1.11103630065918,4.15142850796727e-05,2
16,0.000373107907294445,1.12438344955444,3.74645669335938e-05,3
16,0.000373107907294445,1.10963845252991,4.22610247542857e-05,2
16,0.000373107907294445,1.12311768531799,3.97973515944372e-05,2
16,0.000373107907294445,1.10495328903198,4.16611338960546e-05,2
16,0.000373107907294445,1.11474680900574,3.89264826273899e-05,2
16,0.000373107907294445,1.13835978507996,4.21795161538492e-05,2
16,0.000373107907294445,1.10776996612549,3.69054469550803e-05,2
16,0.000373107907294445,1.141681432724,4.2708776608007e-05,2
16,0.000373107907294445,1.14147448539734,3.91578761692333e-05,3
16,0.000373107907294445,1.14591360092163,4.07537565338941e-05,3
16,0.000373107907294445,1.1619234085083,4.04938001637118e-05,3
16,0.000373107907294445,1.15497517585754,3.35301355776095e-05,2
16,0.000373107907294445,1.16957187652588,3.76241002987647e-05,2
16,0.000373107907294445,1.13950514793396,3.78399530588737e-05,2
16,0.000373107907294445,1.13338661193848,3.90469867514223e-05,2
17,0.000492242040932696,1.22275567054749,0.000457048371995661,1
17,0.000492242040932696,1.18687796592712,0.00044715394300224,1
17,0.000492242040932696,1.09485101699829,0.000493916972804141,1
17,0.000492242040932696,1.18951916694641,0.000481558868532651,1
17,0.000492242040932696,1.14708232879639,0.000474918334726546,1
17,0.000492242040932696,1.15210723876953,0.000445198546557919,1
17,0.000492242040932696,1.15173816680908,0.000453489306001672,1
17,0.000492242040932696,1.18513751029968,0.00044285486271711,1
17,0.000492242040932696,1.15818810462952,0.000459921369514001,1
17,0.000492242040932696,1.13381409645081,0.000484596640097716,1
17,0.000492242040932696,1.10488796234131,0.000473312975010995,1
17,0.000492242040932696,1.14123725891113,0.000454904783943113,1
17,0.000492242040932696,1.21752190589905,0.000462374777299036,1
17,0.000492242040932696,1.19294834136963,0.000472903486805043,1
17,0.000492242040932696,1.10736441612244,0.000464016299153414,1
17,0.000492242040932696,1.14347076416016,0.000470185394629149,1
17,0.000492242040932696,1.14867639541626,0.000466336443392511,1
17,0.000492242040932696,1.12939405441284,0.000462698417132053,1
17,0.000492242040932696,1.23809480667114,0.000446197940217504,1
17,0.000492242040932696,1.15329933166504,0.000466302944057713,1
17,0.000492242040932696,1.18478894233704,0.00046056721896629,1
17,0.000492242040932696,1.15600085258484,0.00048498364741717,1
17,0.000492242040932696,1.15883541107178,0.000452931818953344,1
17,0.000492242040932696,1.13871955871582,0.000457351720523379,1
17,0.000492242040932696,1.18959403038025,0.000463127862093581,1
17,0.000492242040932696,1.21792268753052,0.000447597143211141,1
17,0.000492242040932696,1.16477918624878,0.000449806563443052,1
17,0.000492242040932696,1.1291515827179,0.000474385019824759,1
17,0.000492242040932696,1.1968309879303,0.000456633941901769,1
17,0.000492242040932696,1.12844061851501,0.000487300160449904,1
17,0.000492242040932696,1.13243651390076,0.000471501514298636,1
17,0.000492242040932696,1.1619758605957,0.000455421171881841,1
17,0.000492242040932696,1.2553596496582,0.000451491448295613,1
17,0.000492242040932696,1.22066259384155,0.000461900319305647,1
17,0.000492242040932696,1.1872091293335,0.000481190072175414,1
17,0.000492242040932696,1.09324359893799,0.000239620162901074,1
18,0.000301805120434301,1.18065524101257,1.51463377187846e-05,5
18,0.000301805120434301,1.12884140014648,1.3031227753377e-05,4
18,0.000301805120434301,1.15152144432068,1.48784595240356e-05,6
18,0.000301805120434301,1.15450310707092,1.43234149726107e-05,5
18,0.000301805120434301,1.1007833480835,1.47903889163879e-05,4
18,0.000301805120434301,1.0891444683075,1.95098686193343e-05,4
18,0.000301805120434301,1.04925155639648,1.61582596726188e-05,4
18,0.000301805120434301,1.10345053672791,1.69205760794608e-05,4
18,0.000301805120434301,1.11674666404724,1.49133822458527e-05,4
18,0.000301805120434301,1.11634373664856,1.63258308935998e-05,5
18,0.000301805120434301,1.12386441230774,1.66372130463572e-05,5
18,0.000301805120434301,1.14344453811646,1.46941584532346e-05,4
18,0.000301805120434301,1.13211584091187,1.68797410232401e-05,3
18,0.000301805120434301,1.10390591621399,1.7228313442768e-05,7
18,0.000301805120434301,1.09826731681824,1.93687080808831e-05,3
18,0.000301805120434301,1.11923933029175,1.63499855169943e-05,6
18,0.000301805120434301,1.10580015182495,1.5802699948413e-05,6
18,0.000301805120434301,1.17880725860596,1.83497162681412e-05,5
18,0.000301805120434301,1.13588047027588,1.68963312475407e-05,5
18,0.000301805120434301,1.1269326210022,1.81533499517848e-05,4
18,0.000301805120434301,1.12422013282776,1.80594022756158e-05,3
18,0.000301805120434301,1.50794386863708,3.71645619595149e-05,3
18,0.000301805120434301,1.01943373680115,1.78060340708526e-05,6
18,0.000301805120434301,1.11095380783081,1.5450833285011e-05,4
18,0.000301805120434301,1.09452891349792,1.663881475249e-05,6
18,0.000301805120434301,1.09133410453796,1.9748077944508e-05,4
18,0.000301805120434301,1.21510863304138,1.6778865226221e-05,9
18,0.000301805120434301,0.956043004989624,1.70666542295608e-05,3
18,0.000301805120434301,1.09466028213501,1.54562525817213e-05,6
18,0.000301805120434301,1.07137489318848,1.7004052683531e-05,8
18,0.000301805120434301,1.06502079963684,1.90971128641504e-05,4
18,0.000301805120434301,1.06969714164734,1.99118898243927e-05,7
18,0.000301805120434301,1.05025672912598,1.86725959779991e-05,4
18,0.000301805120434301,1.02451348304749,1.85221876458212e-05,5
18,0.000301805120434301,1.03080677986145,2.01449608172368e-05,4
18,0.000301805120434301,1.04874897003174,1.78132934527314e-05,7
19,0.000168343205677204,1.14720416069031,3.00993483979134e-05,4
19,0.000168343205677204,1.13783359527588,3.07621900547658e-05,4
19,0.000168343205677204,1.13865208625793,3.13876093910955e-05,3
19,0.000168343205677204,1.1445848941803,4.11532736727898e-05,3
19,0.000168343205677204,1.14514946937561,3.55251422247533e-05,4
19,0.000168343205677204,1.14958119392395,3.4618160668852e-05,3
19,0.000168343205677204,1.14751219749451,3.06266068898516e-05,3
19,0.000168343205677204,1.13439464569092,3.57112717546144e-05,3
19,0.000168343205677204,1.15651535987854,3.73097302471382e-05,3
19,0.000168343205677204,1.09676671028137,3.67945969146934e-05,3
19,0.000168343205677204,1.10608530044556,3.1433473544762e-05,3
19,0.000168343205677204,1.18130135536194,2.89931237086846e-05,3
19,0.000168343205677204,1.10026240348816,3.48830079006057e-05,3
19,0.000168343205677204,1.109454870224,4.04581452311558e-05,3
19,0.000168343205677204,1.09208345413208,3.20819707703484e-05,3
19,0.000168343205677204,1.07900094985962,4.69135471254694e-05,3
19,0.000168343205677204,1.10239028930664,3.89901507727353e-05,4
19,0.000168343205677204,1.12640333175659,3.70898746003422e-05,3
19,0.000168343205677204,1.09987664222717,4.70275200068525e-05,4
19,0.000168343205677204,1.10606408119202,3.51486075276909e-05,3
19,0.000168343205677204,1.11574840545654,3.50812119053829e-05,2
19,0.000168343205677204,1.09111332893372,3.45652820323524e-05,4
19,0.000168343205677204,1.13090848922729,3.79291871429918e-05,4
19,0.000168343205677204,1.12443661689758,4.03924292565591e-05,3
19,0.000168343205677204,1.10429191589355,4.1677266215072e-05,3
19,0.000168343205677204,1.15881729125977,3.987705365149e-05,3
19,0.000168343205677204,1.15284562110901,3.90708124860847e-05,3
19,0.000168343205677204,1.14148664474487,3.48953751444071e-05,5
19,0.000168343205677204,1.12915873527527,3.80268521950548e-05,3
19,0.000168343205677204,1.12979912757874,4.17201175160807e-05,4
19,0.000168343205677204,1.09360599517822,3.49688629353974e-05,4
19,0.000168343205677204,1.08573889732361,3.50542102644194e-05,3
19,0.000168343205677204,1.08231973648071,4.18041685969492e-05,3
19,0.000168343205677204,1.08421683311462,4.04472663330198e-05,4
19,0.000168343205677204,1.08223128318787,3.61746437173039e-05,2
19,0.000168343205677204,1.09184002876282,4.095557584468e-05,4
19,0.000168343205677204,1.09390568733215,3.69686242661691e-05,3
20,0.000239890512839405,1.10009717941284,0.00117793733584001,2
20,0.000239890512839405,1.12140297889709,0.0009379814924055,2
20,0.000239890512839405,1.1413791179657,0.0010349881210041,2
20,0.000239890512839405,1.11133718490601,0.00102089744152791,2
20,0.000239890512839405,1.10146570205688,0.00111639651620647,2
20,0.000239890512839405,1.13642954826355,0.000944779515207722,2
20,0.000239890512839405,1.11051726341248,0.001069037724619,2
20,0.000239890512839405,1.13048005104065,0.000979258486682944,1
20,0.000239890512839405,1.10919499397278,0.000979045603806142,1
20,0.000239890512839405,1.13009357452393,0.000910305728348634,1
20,0.000239890512839405,1.11120557785034,0.00128296359924624,1
20,0.000239890512839405,1.13491749763489,0.00112438473693769,1
20,0.000239890512839405,1.07945823669434,0.00123500816028735,1
20,0.000239890512839405,1.1180055141449,0.00114794108766528,1
20,0.000239890512839405,1.13076424598694,0.00118161777444297,2
20,0.000239890512839405,1.13989067077637,0.00141481349470408,1
20,0.000239890512839405,1.1342625617981,0.00163024798135904,2
20,0.000239890512839405,1.14255261421204,0.0014977611298226,1
20,0.000239890512839405,1.13915991783142,0.00144418866927432,1
20,0.000239890512839405,1.13923192024231,0.00144854589637998,1
20,0.000239890512839405,1.12684845924377,0.00113239940190169,1
20,0.000239890512839405,1.13414788246155,0.00124226419458687,1
20,0.000239890512839405,1.13932013511658,0.00128476342007619,1
20,0.000239890512839405,1.13216400146484,0.00113245081137434,1
20,0.000239890512839405,1.12343382835388,0.00150091609522748,2
20,0.000239890512839405,1.12135100364685,0.0013258235567449,2
20,0.000239890512839405,1.10091328620911,0.00117017186006277,2
20,0.000239890512839405,1.14964389801025,0.0011996309162455,2
20,0.000239890512839405,1.12430286407471,0.0012183246246664,1
20,0.000239890512839405,1.11621236801147,0.00138687713308168,1
20,0.000239890512839405,1.12708902359009,0.00129131303370937,2
20,0.000239890512839405,1.13882565498352,0.00142928233583957,2
20,0.000239890512839405,1.13070607185364,0.00154098509833742,1
20,0.000239890512839405,1.11135649681091,0.00136532705517025,1
20,0.000239890512839405,1.13113617897034,0.000947116091934475,1
20,0.000239890512839405,1.10765385627747,0.00121733218536878,1
20,0.000239890512839405,1.10837078094482,0.00151594589268341,1
20,0.000239890512839405,1.10071325302124,0.0015166758687704,2
21,0.00039425354325006,1.09104537963867,0.000221942447996106,1
21,0.00039425354325006,1.0859158039093,0.000251490171835246,1
21,0.00039425354325006,1.08870077133179,0.000230222659226203,1
21,0.00039425354325006,1.09920406341553,0.000318651995350106,1
21,0.00039425354325006,1.06451821327209,0.000270261618960119,1
21,0.00039425354325006,1.22626161575317,0.000257022652095168,1
21,0.00039425354325006,0.971007347106934,0.000324521373132075,1
21,0.00039425354325006,1.10648488998413,0.000284358885598812,1
21,0.00039425354325006,0.978072881698608,0.000308018251175479,1
21,0.00039425354325006,1.10933041572571,0.000282257583133874,1
21,0.00039425354325006,1.13755893707275,0.000318624812671886,1
21,0.00039425354325006,1.10940408706665,0.00035016514078068,1
21,0.00039425354325006,1.08936643600464,0.000272329476853668,1
21,0.00039425354325006,1.10110974311829,0.00033881146523676,1
21,0.00039425354325006,1.09186482429504,0.000277811369008997,1
21,0.00039425354325006,1.18384075164795,0.000363331875778885,1
21,0.00039425354325006,1.00667881965637,0.000337706567592816,1
21,0.00039425354325006,1.10159873962402,0.000382516594148368,1
21,0.00039425354325006,1.14060282707214,0.000335500489828026,1
21,0.00039425354325006,1.0367214679718,0.000371298295778439,1
21,0.00039425354325006,1.17939066886902,0.000403298442027569,1
21,0.00039425354325006,1.0268714427948,0.000369071372925646,1
21,0.00039425354325006,1.09863567352295,0.000328535804475164,1
21,0.00039425354325006,1.08687472343445,0.00045539751606028,1
21,0.00039425354325006,1.20822954177856,0.000350751552283179,1
21,0.00039425354325006,0.977534294128418,0.000360713291178586,1
21,0.00039425354325006,1.0888659954071,0.000372692201678971,1
22,0.000145746839252637,1.07481122016907,2.84091662916356e-05,4
22,0.000145746839252637,1.06020355224609,2.96606369390145e-05,4
22,0.000145746839252637,1.07533764839172,2.91043385948934e-05,5
22,0.000145746839252637,1.07763719558716,3.2862941342749e-05,7
22,0.000145746839252637,1.08485817909241,2.80702059979483e-05,5
22,0.000145746839252637,1.04283952713013,2.79493433308708e-05,4
22,0.000145746839252637,1.01028180122375,2.95101236638743e-05,4
22,0.000145746839252637,1.0843026638031,2.78465250633579e-05,4
22,0.000145746839252637,1.1235568523407,3.0345014039509e-05,4
22,0.000145746839252637,1.11483526229858,2.96342913442448e-05,4
22,0.000145746839252637,1.0158314704895,2.87668210946267e-05,4
22,0.000145746839252637,1.11026287078857,3.07788298999863e-05,3
22,0.000145746839252637,0.996364116668701,2.80248381498471e-05,4
22,0.000145746839252637,1.1301600933075,3.00566824260472e-05,3
22,0.000145746839252637,1.08336138725281,3.50360915502152e-05,6
22,0.000145746839252637,1.08991646766663,3.24049855512399e-05,3
22,0.000145746839252637,1.10497140884399,3.39151772964751e-05,3
22,0.000145746839252637,1.11042308807373,2.72182162271894e-05,4
22,0.000145746839252637,1.08493804931641,3.67934142384264e-05,4
22,0.000145746839252637,1.07974553108215,2.40356073498176e-05,6
22,0.000145746839252637,1.54982495307922,3.10810390888149e-05,6
22,0.000145746839252637,1.0644953250885,2.89527006826538e-05,4
22,0.000145746839252637,1.02418422698975,2.82008349009496e-05,5
22,0.000145746839252637,1.08761620521545,2.75069918515927e-05,4
22,0.000145746839252637,1.13568258285522,3.00846065899444e-05,4
22,0.000145746839252637,1.00055503845215,2.84859536851638e-05,4
22,0.000145746839252637,1.12037110328674,3.35488246863197e-05,3
22,0.000145746839252637,0.996561527252197,2.5063099069457e-05,5
22,0.000145746839252637,1.05518436431885,2.65559223048002e-05,4
22,0.000145746839252637,1.06261944770813,2.80059928443036e-05,4
22,0.000145746839252637,1.14323711395264,3.05565739484319e-05,4
22,0.000145746839252637,1.00151538848877,2.43306968439476e-05,5
22,0.000145746839252637,1.14978837966919,2.89493956593726e-05,4
22,0.000145746839252637,1.02455639839172,2.32706984190562e-05,5
22,0.000145746839252637,1.14720368385315,2.72778103715898e-05,5
22,0.000145746839252637,1.15138649940491,2.52668761152166e-05,6
22,0.000145746839252637,0.973125696182251,2.49152013374387e-05,4
22,0.000145746839252637,1.13272714614868,2.74018032158908e-05,4
22,0.000145746839252637,1.03862953186035,2.39831389946702e-05,4
23,0.000137217207770185,1.12514615058899,1.49668874949866e-05,5
23,0.000137217207770185,1.07757329940796,1.40926178559394e-05,3
23,0.000137217207770185,1.07303667068481,1.54413476599208e-05,2
23,0.000137217207770185,1.09483194351196,1.53277777026295e-05,4
23,0.000137217207770185,1.07441782951355,1.18647729390144e-05,4
23,0.000137217207770185,1.07907700538635,1.31571400904248e-05,7
23,0.000137217207770185,1.10053324699402,1.44854417485898e-05,3
23,0.000137217207770185,1.06828808784485,1.67469914511715e-05,2
23,0.000137217207770185,1.07880091667175,1.42739767224212e-05,4
23,0.000137217207770185,1.08237671852112,1.29138090166332e-05,5
23,0.000137217207770185,1.08512353897095,1.47609463421633e-05,4
23,0.000137217207770185,1.10346508026123,1.2738081661062e-05,4
23,0.000137217207770185,1.12747430801392,1.37527287005595e-05,4
23,0.000137217207770185,1.12667346000671,1.21343915688258e-05,4
23,0.000137217207770185,1.1186351776123,1.49913630438315e-05,4
23,0.000137217207770185,1.1977641582489,1.41546953239457e-05,8
23,0.000137217207770185,1.10406374931335,1.66620692748474e-05,3
23,0.000137217207770185,1.09104824066162,1.12770735858814e-05,3
23,0.000137217207770185,1.15180206298828,1.16315995041813e-05,5
23,0.000137217207770185,1.0760178565979,1.45464729536182e-05,3
23,0.000137217207770185,1.12485814094543,1.35309433015078e-05,5
23,0.000137217207770185,1.08784222602844,1.39013912912709e-05,4
23,0.000137217207770185,1.11878204345703,1.2199561947455e-05,8
23,0.000137217207770185,1.09562253952026,1.47213856193646e-05,2
23,0.000137217207770185,1.08797168731689,1.63405986650027e-05,2
23,0.000137217207770185,1.08246421813965,1.62858668796028e-05,3
23,0.000137217207770185,1.09047722816467,1.72368955148051e-05,5
23,0.000137217207770185,1.1079568862915,1.33676520608697e-05,3
23,0.000137217207770185,1.09757328033447,1.32111483349539e-05,3
23,0.000137217207770185,1.08334851264954,1.40669189382795e-05,6
23,0.000137217207770185,1.06949019432068,1.27906342958163e-05,4
23,0.000137217207770185,1.07465100288391,1.50751682934277e-05,4
23,0.000137217207770185,1.07408833503723,1.56759789067446e-05,4
23,0.000137217207770185,1.07245540618896,1.43690238121885e-05,4
23,0.000137217207770185,1.06490993499756,1.58372836270078e-05,4
23,0.000137217207770185,1.1278920173645,1.34584399102103e-05,5
23,0.000137217207770185,1.11498045921326,1.27772227417367e-05,6
23,0.000137217207770185,1.10490536689758,1.31170946249929e-05,2
23,0.000137217207770185,1.12158942222595,1.37457374490033e-05,5
23,0.000137217207770185,1.10016489028931,1.13665815591965e-05,7
23,0.000137217207770185,1.1327018737793,1.42969006556299e-05,4
23,0.000137217207770185,1.13368988037109,1.44002577141487e-05,4
24,0.000133253745672203,1.08820104598999,2.60251724763051e-05,4
24,0.000133253745672203,1.117595911026,2.18325818293342e-05,4
24,0.000133253745672203,1.1298828125,2.49210243237042e-05,4
24,0.000133253745672203,1.10810971260071,2.67987170461562e-05,4
24,0.000133253745672203,1.09850835800171,2.04527849189062e-05,4
24,0.000133253745672203,1.09285497665405,2.06333665282273e-05,3
24,0.000133253745672203,1.07396483421326,1.97883687482066e-05,6
24,0.000133253745672203,1.07254862785339,2.48224492958913e-05,5
24,0.000133253745672203,1.11218595504761,2.96141994104766e-05,5
24,0.000133253745672203,1.05677080154419,2.65266126732518e-05,5
24,0.000133253745672203,1.07660317420959,2.41044317656636e-05,4
24,0.000133253745672203,1.10765910148621,2.28446475454163e-05,6
24,0.000133253745672203,1.09247136116028,2.89898218087757e-05,3
24,0.000133253745672203,1.08244729042053,2.10577407219634e-05,7
24,0.000133253745672203,1.07165718078613,2.25541820071976e-05,4
24,0.000133253745672203,1.09590291976929,2.60874318056253e-05,4
24,0.000133253745672203,1.11901211738586,2.01944379425964e-05,6
24,0.000133253745672203,1.0912492275238,2.10311735574911e-05,4
24,0.000133253745672203,1.12294626235962,2.05054775342066e-05,5
24,0.000133253745672203,1.25498604774475,2.41368908325459e-05,5
24,0.000133253745672203,1.02911019325256,2.25881393900159e-05,4
24,0.000133253745672203,1.0791289806366,2.22105568547698e-05,3
24,0.000133253745672203,1.08687853813171,2.26669106946222e-05,3
24,0.000133253745672203,1.05895686149597,2.20180118884102e-05,4
24,0.000133253745672203,1.11058616638184,2.67953712685704e-05,4
24,0.000133253745672203,1.0358030796051,2.7696727327621e-05,4
24,0.000133253745672203,1.08713459968567,2.33979241256814e-05,5
24,0.000133253745672203,1.04132318496704,2.5526500197471e-05,3
24,0.000133253745672203,1.04561591148376,2.47300534416754e-05,3
24,0.000133253745672203,1.01533174514771,2.35063491017776e-05,5
24,0.000133253745672203,1.06228089332581,2.43622967731987e-05,4
24,0.000133253745672203,1.06178975105286,2.46381380181788e-05,7
24,0.000133253745672203,1.0322527885437,2.40995204390455e-05,4
24,0.000133253745672203,1.06765127182007,2.29193225106505e-05,5
24,0.000133253745672203,1.07174634933472,2.0605712666422e-05,7
24,0.000133253745672203,1.08288908004761,2.32188996694205e-05,5
24,0.000133253745672203,1.09151577949524,2.16328550256974e-05,7
24,0.000133253745672203,1.04849290847778,2.64982917235522e-05,2
24,0.000133253745672203,1.05727767944336,2.22953803941846e-05,4
24,0.000133253745672203,1.08799695968628,2.28573699478632e-05,5
24,0.000133253745672203,1.05744862556458,2.29813892450525e-05,5
25,0.000167354318391626,1.18683433532715,2.11469670505056e-05,1
25,0.000167354318391626,1.19457793235779,2.22174788302605e-05,3
25,0.000167354318391626,1.17296528816223,2.19744148835816e-05,4
25,0.000167354318391626,1.19831967353821,2.07396236974812e-05,2
25,0.000167354318391626,1.19547915458679,1.9154826938654e-05,3
25,0.000167354318391626,1.1845235824585,2.25425952776642e-05,2
25,0.000167354318391626,1.19905042648315,1.86284188637085e-05,3
25,0.000167354318391626,1.19285893440247,2.09369387076784e-05,5
25,0.000167354318391626,1.23654866218567,1.8158863015674e-05,3
25,0.000167354318391626,1.18908905982971,1.99716660657335e-05,3
25,0.000167354318391626,1.17686891555786,2.37323195645702e-05,4
25,0.000167354318391626,1.20031046867371,1.89981791419346e-05,5
25,0.000167354318391626,1.20474815368652,2.11070035486921e-05,3
25,0.000167354318391626,1.20707583427429,2.14543798699041e-05,3
25,0.000167354318391626,1.20157217979431,2.35438792619122e-05,3
25,0.000167354318391626,1.22374892234802,2.25823388783309e-05,7
25,0.000167354318391626,1.2353298664093,1.76417321513153e-05,3
25,0.000167354318391626,1.25792956352234,2.16101003753453e-05,3
25,0.000167354318391626,1.52233529090881,2.36463367716131e-05,10
25,0.000167354318391626,1.31858992576599,1.85889401820635e-05,6
25,0.000167354318391626,1.23865842819214,2.15526542325152e-05,2
25,0.000167354318391626,1.21873617172241,2.9167020290154e-05,4
25,0.000167354318391626,1.23657441139221,2.73087902780811e-05,2
25,0.000167354318391626,1.13029456138611,1.71760916970353e-05,6
25,0.000167354318391626,1.18332457542419,1.78271872447322e-05,8
25,0.000167354318391626,1.20227289199829,2.40571223629111e-05,5
25,0.000167354318391626,1.18284034729004,2.70316942286588e-05,5
25,0.000167354318391626,1.20205235481262,1.94859220640022e-05,6
25,0.000167354318391626,1.14769053459167,3.25064652397145e-05,2
25,0.000167354318391626,1.16992878913879,2.19957665944832e-05,4
25,0.000167354318391626,1.16476082801819,2.01892817559742e-05,5
25,0.000167354318391626,1.17106008529663,2.10318670472322e-05,4
25,0.000167354318391626,1.16869735717773,2.33138239363839e-05,4
25,0.000167354318391626,1.16543006896973,1.96587093689381e-05,4
25,0.000167354318391626,1.17249417304993,3.23370054291992e-05,3
25,0.000167354318391626,1.17282176017761,2.5047145541538e-05,8
26,0.000208112175550725,1.15497255325317,1.96910491456217e-05,4
26,0.000208112175550725,1.12350058555603,2.12662944855276e-05,4
26,0.000208112175550725,1.17246675491333,1.96343507516935e-05,4
26,0.000208112175550725,1.17833018302917,2.01330708210054e-05,4
26,0.000208112175550725,1.14927291870117,1.76001045077223e-05,5
26,0.000208112175550725,1.16827964782715,1.68623820435355e-05,3
26,0.000208112175550725,1.15378284454346,1.95796578582141e-05,5
26,0.000208112175550725,1.14767789840698,1.94123706285464e-05,4
26,0.000208112175550725,1.14660382270813,2.01972814074615e-05,3
26,0.000208112175550725,1.16155624389648,2.05002771608658e-05,3
26,0.000208112175550725,1.18493890762329,1.86110408993374e-05,3
26,0.000208112175550725,1.15781784057617,1.79673884331971e-05,5
26,0.000208112175550725,1.18570613861084,1.67160769011703e-05,6
26,0.000208112175550725,1.17190718650818,2.1469045734116e-05,5
26,0.000208112175550725,1.18349313735962,2.17056713188607e-05,3
26,0.000208112175550725,1.2177517414093,1.74176595852385e-05,3
26,0.000208112175550725,1.27313232421875,1.58018946180252e-05,7
26,0.000208112175550725,1.28621435165405,1.91946680785533e-05,3
26,0.000208112175550725,1.20827865600586,1.59461614714628e-05,7
26,0.000208112175550725,1.21675634384155,1.77948247001789e-05,7
26,0.000208112175550725,1.17839860916138,2.06140257616285e-05,6
26,0.000208112175550725,1.19269990921021,2.09259129283252e-05,3
26,0.000208112175550725,1.19202733039856,1.73743338274679e-05,4
26,0.000208112175550725,1.16514897346497,1.83266777478402e-05,6
26,0.000208112175550725,1.14918613433838,1.89383957118162e-05,4
26,0.000208112175550725,1.17057037353516,1.80958182330322e-05,4
26,0.000208112175550725,1.15069627761841,1.84423347653571e-05,5
26,0.000208112175550725,1.16370964050293,2.04967151825506e-05,3
26,0.000208112175550725,1.16752338409424,1.89455238927892e-05,5
26,0.000208112175550725,1.16509819030762,1.96692326774526e-05,5
26,0.000208112175550725,1.16223478317261,1.75954266889757e-05,6
26,0.000208112175550725,1.16886687278748,1.8416843526135e-05,5
26,0.000208112175550725,1.166259765625,1.76258137450649e-05,5
26,0.000208112175550725,1.16857028007507,1.92462449120205e-05,4
26,0.000208112175550725,1.17487049102783,1.99091611547399e-05,4
26,0.000208112175550725,1.20624208450317,1.86623562266692e-05,4
27,0.000135771947968369,1.05917000770569,2.68165105152458e-05,4
27,0.000135771947968369,1.10660099983215,3.34226660010661e-05,2
27,0.000135771947968369,1.06530904769897,2.54675517156021e-05,2
27,0.000135771947968369,1.04966688156128,2.59121278653002e-05,4
27,0.000135771947968369,1.09655284881592,3.39208083099979e-05,3
27,0.000135771947968369,1.02676558494568,3.5794533093021e-05,3
27,0.000135771947968369,1.07712602615356,2.99894932626897e-05,2
27,0.000135771947968369,1.06973052024841,3.18016322917498e-05,2
27,0.000135771947968369,1.08905673027039,3.1207512622676e-05,2
27,0.000135771947968369,1.17891907691956,4.34736391162034e-05,3
27,0.000135771947968369,0.98032021522522,2.21595582527038e-05,3
27,0.000135771947968369,1.07619690895081,2.96408362214773e-05,3
27,0.000135771947968369,1.2971818447113,2.26249629604115e-05,4
27,0.000135771947968369,1.06346583366394,2.09047088585427e-05,4
27,0.000135771947968369,1.03215932846069,3.12115001879914e-05,5
27,0.000135771947968369,1.1847448348999,3.22899475320013e-05,7
27,0.000135771947968369,1.06196331977844,3.15024555500307e-05,2
27,0.000135771947968369,1.0857880115509,3.07820774063857e-05,3
27,0.000135771947968369,1.05490350723267,2.69684632512907e-05,5
27,0.000135771947968369,0.985934972763062,3.64432238270739e-05,3
27,0.000135771947968369,1.18030881881714,3.84287846776856e-05,5
27,0.000135771947968369,0.950332880020142,3.61958481384761e-05,3
27,0.000135771947968369,1.04050636291504,3.18728382949745e-05,2
27,0.000135771947968369,1.00784468650818,2.64607148967459e-05,2
27,0.000135771947968369,0.913127660751343,3.77887055299733e-05,2
27,0.000135771947968369,1.08516263961792,3.16885966161087e-05,2
28,0.000133741531959195,1.11998224258423,3.77316429932441e-05,2
28,0.000133741531959195,1.12690734863281,3.67303150075476e-05,1
28,0.000133741531959195,1.13575434684753,3.7030475335836e-05,2
28,0.000133741531959195,1.11623454093933,3.00583407741279e-05,5
28,0.000133741531959195,1.11011552810669,4.02623187793408e-05,2
28,0.000133741531959195,1.12484693527222,4.36122212322916e-05,1
28,0.000133741531959195,1.08067846298218,3.74748566440697e-05,1
28,0.000133741531959195,1.07467889785767,3.83742915887061e-05,2
28,0.000133741531959195,1.08574461936951,3.62767781167904e-05,1
28,0.000133741531959195,1.05510807037354,3.67687493550416e-05,3
28,0.000133741531959195,1.09088611602783,3.85310354359325e-05,4
28,0.000133741531959195,1.12629413604736,3.03573085042216e-05,3
28,0.000133741531959195,1.10828542709351,2.79257554374088e-05,3
28,0.000133741531959195,1.13155031204224,2.92443555381121e-05,2
28,0.000133741531959195,1.10063338279724,3.35503717125529e-05,2
28,0.000133741531959195,1.11360907554626,3.1138387301526e-05,2
28,0.000133741531959195,1.09060263633728,2.97015635078098e-05,1
28,0.000133741531959195,1.10877871513367,3.50155985957615e-05,3
28,0.000133741531959195,1.10592079162598,3.46818548905147e-05,2
28,0.000133741531959195,1.13864636421204,3.42103654236183e-05,1
28,0.000133741531959195,1.19181275367737,3.09493185157612e-05,3
28,0.000133741531959195,1.18459916114807,3.64957830081335e-05,1
28,0.000133741531959195,1.21312475204468,3.17976854419945e-05,3
28,0.000133741531959195,1.09566307067871,3.25574332974631e-05,2
28,0.000133741531959195,1.09401774406433,2.69225717614062e-05,2
28,0.000133741531959195,1.09291386604309,4.20892448756741e-05,2
28,0.000133741531959195,1.07445406913757,4.36226982019261e-05,2
28,0.000133741531959195,1.07838892936707,3.60422455649676e-05,2
28,0.000133741531959195,1.06214618682861,3.70751236858488e-05,2
28,0.000133741531959195,1.11643505096436,3.01072513548758e-05,2
28,0.000133741531959195,1.11169791221619,3.027434352762e-05,1
28,0.000133741531959195,1.09716892242432,3.90710004936663e-05,1
28,0.000133741531959195,1.1206841468811,3.12970182403598e-05,3
28,0.000133741531959195,1.09710025787354,3.24197254040057e-05,3
28,0.000133741531959195,1.09058666229248,3.43957875997316e-05,3
28,0.000133741531959195,1.11942934989929,3.50624593730854e-05,2
28,0.000133741531959195,1.11070656776428,3.24058020423487e-05,1
28,0.000133741531959195,1.12924885749817,2.98681215507984e-05,3
28,0.000133741531959195,1.12543106079102,3.224300790946e-05,2
28,0.000133741531959195,1.12198972702026,3.31968869210813e-05,3
28,0.000133741531959195,1.11514067649841,2.78617130499522e-05,3
29,0.000171619770569158,1.20870590209961,1.30606321720806e-05,6
29,0.000171619770569158,1.23289227485657,1.22493819281828e-05,6
29,0.000171619770569158,1.22831010818481,1.17441938360268e-05,5
29,0.000171619770569158,1.23481822013855,1.39811129022703e-05,7
29,0.000171619770569158,1.23689484596252,1.11787209892372e-05,7
29,0.000171619770569158,1.26852059364319,1.6210760856772e-05,4
29,0.000171619770569158,1.23117136955261,1.17871668995382e-05,7
29,0.000171619770569158,1.24435830116272,1.20244864220588e-05,6
29,0.000171619770569158,1.25042080879211,1.23287702534212e-05,2
29,0.000171619770569158,1.27079939842224,1.2974589291161e-05,7
29,0.000171619770569158,1.21929669380188,1.92295360568707e-05,6
29,0.000171619770569158,1.19920754432678,2.01309210060612e-05,6
29,0.000171619770569158,1.21446990966797,1.69004176496921e-05,7
29,0.000171619770569158,1.2404510974884,1.74474501036826e-05,6
29,0.000171619770569158,1.22589445114136,1.31489558152319e-05,7
29,0.000171619770569158,1.24626803398132,1.61068810714872e-05,7
29,0.000171619770569158,1.25299596786499,1.62887314298071e-05,6
29,0.000171619770569158,1.251713514328,8.27521934290774e-06,4
29,0.000171619770569158,1.19603538513184,2.06426125511847e-05,3
29,0.000171619770569158,1.20676875114441,1.84256569469735e-05,3
29,0.000171619770569158,1.23073101043701,1.60228506428332e-05,3
29,0.000171619770569158,1.24546575546265,1.62002749986353e-05,4
29,0.000171619770569158,1.25090312957764,1.78683067978071e-05,6
29,0.000171619770569158,1.21567392349243,1.54006175525615e-05,8
29,0.000171619770569158,1.22335577011108,1.24401282742271e-05,3
29,0.000171619770569158,1.29453158378601,2.36463708786832e-05,4
29,0.000171619770569158,1.24451160430908,1.3457414567202e-05,7
29,0.000171619770569158,1.247718334198,1.36575886584826e-05,7
29,0.000171619770569158,1.26800465583801,1.56724860796087e-05,10
29,0.000171619770569158,1.20434474945068,1.3069364953735e-05,8
29,0.000171619770569158,1.28789830207825,1.20469188800381e-05,9
29,0.000171619770569158,1.22306656837463,1.75262649534675e-05,5
29,0.000171619770569158,1.23429489135742,1.42477831307554e-05,8
30,9.62783005860753e-05,1.22347784042358,1.71706562774994e-05,3
30,9.62783005860753e-05,1.19014143943787,1.77023530707097e-05,6
30,9.62783005860753e-05,1.18719840049744,1.5387390539562e-05,3
30,9.62783005860753e-05,1.20975351333618,1.90112646036911e-05,5
30,9.62783005860753e-05,1.19903206825256,1.62367156973619e-05,6
30,9.62783005860753e-05,1.18407678604126,1.67669437100749e-05,5
30,9.62783005860753e-05,1.19859671592712,1.73978603310374e-05,4
30,9.62783005860753e-05,1.18024826049805,1.48293818497487e-05,5
30,9.62783005860753e-05,1.18536996841431,1.65057078378735e-05,5
30,9.62783005860753e-05,1.18918037414551,1.89275693122385e-05,4
30,9.62783005860753e-05,1.18775272369385,1.53652327295454e-05,5
30,9.62783005860753e-05,1.20318007469177,1.43125672040869e-05,5
30,9.62783005860753e-05,1.23467707633972,1.71814157542888e-05,4
30,9.62783005860753e-05,1.25468349456787,1.72413624331148e-05,7
30,9.62783005860753e-05,1.18005061149597,1.80013369508315e-05,4
30,9.62783005860753e-05,1.22232627868652,1.63719507420549e-05,7
30,9.62783005860753e-05,1.20321536064148,1.62633773926112e-05,5
30,9.62783005860753e-05,1.18913674354553,1.53561922421272e-05,5
30,9.62783005860753e-05,1.20969915390015,1.75791721316768e-05,5
30,9.62783005860753e-05,1.20796179771423,1.6904600491902e-05,5
30,9.62783005860753e-05,1.25767707824707,1.61548581017702e-05,6
30,9.62783005860753e-05,1.42884159088135,1.87880644557991e-05,6
30,9.62783005860753e-05,1.17867588996887,1.70314698588806e-05,4
30,9.62783005860753e-05,1.22093319892883,1.94578843685091e-05,6
30,9.62783005860753e-05,1.21448755264282,1.78497143572431e-05,9
30,9.62783005860753e-05,1.18950319290161,1.88607778498739e-05,5
30,9.62783005860753e-05,1.18303680419922,1.81991669591523e-05,3
30,9.62783005860753e-05,1.24515223503113,1.61507825221257e-05,4
30,9.62783005860753e-05,1.14394068717957,1.67102373544588e-05,5
30,9.62783005860753e-05,1.1551992893219,1.9588035110357e-05,3
30,9.62783005860753e-05,1.1782386302948,1.87181709877273e-05,3
30,9.62783005860753e-05,1.16600918769836,2.28872193828362e-05,2
30,9.62783005860753e-05,1.16109013557434,2.26316050052604e-05,4
30,9.62783005860753e-05,1.1220064163208,1.89256303324974e-05,3
30,9.62783005860753e-05,1.14973402023315,1.99890484871979e-05,3
30,9.62783005860753e-05,1.15508842468262,1.79128630580237e-05,4
30,9.62783005860753e-05,1.11579942703247,1.87454012026687e-05,4
30,9.62783005860753e-05,1.14953947067261,1.80270617381286e-05,3
31,0.000455208216774524,1.15543103218079,2.01536372073135e-05,5
31,0.000455208216774524,1.18651056289673,2.41264658206726e-05,6
31,0.000455208216774524,1.17456245422363,3.267763382665e-05,4
31,0.000455208216774524,1.14025330543518,2.04883400924846e-05,5
31,0.000455208216774524,1.14839673042297,2.19649619719529e-05,2
31,0.000455208216774524,1.14051675796509,2.08897861282684e-05,2
31,0.000455208216774524,1.13058114051819,1.9888409938958e-05,3
31,0.000455208216774524,1.12360692024231,1.85500771431193e-05,6
31,0.000455208216774524,1.1143946647644,2.04047213556047e-05,5
31,0.000455208216774524,1.14053297042847,1.93979950370044e-05,5
31,0.000455208216774524,1.12285542488098,2.26624792396513e-05,4
31,0.000455208216774524,1.12398505210876,2.22514059757144e-05,7
31,0.000455208216774524,1.1250274181366,2.32823394841135e-05,6
31,0.000455208216774524,1.13926935195923,3.41270135494654e-05,3
31,0.000455208216774524,1.15631675720215,2.50187295657139e-05,3
31,0.000455208216774524,1.14336013793945,2.13672686337346e-05,3
31,0.000455208216774524,1.14304280281067,2.79489704245325e-05,5
31,0.000455208216774524,1.13882660865784,2.08123580209459e-05,2
31,0.000455208216774524,1.14400792121887,2.13064014334228e-05,5
31,0.000455208216774524,1.17118120193481,2.51434137324098e-05,3
31,0.000455208216774524,1.16126775741577,3.35491155496546e-05,4
31,0.000455208216774524,1.13168001174927,2.43721113043682e-05,3
31,0.000455208216774524,1.13148927688599,2.1093441951417e-05,5
31,0.000455208216774524,1.13924813270569,2.25372151492229e-05,4
31,0.000455208216774524,1.1266348361969,2.26597576601918e-05,3
31,0.000455208216774524,1.1204400062561,2.34560154230948e-05,3
31,0.000455208216774524,1.11109352111816,3.11110082016733e-05,2
31,0.000455208216774524,1.11836671829224,2.48420780092385e-05,4
31,0.000455208216774524,1.10052037239075,2.98415726447453e-05,4
31,0.000455208216774524,1.09639883041382,2.88998412785461e-05,3
31,0.000455208216774524,1.09620714187622,2.08994240815988e-05,6
31,0.000455208216774524,1.10672950744629,3.63690490660795e-05,3
31,0.000455208216774524,1.11335277557373,2.7701299014995e-05,3
31,0.000455208216774524,1.11695432662964,2.68087672091836e-05,5
31,0.000455208216774524,1.11641573905945,2.24949751867373e-05,4
31,0.000455208216774524,1.11920213699341,3.63073602481855e-05,4
31,0.000455208216774524,1.10781574249268,2.73754840107134e-05,4
32,0.000345927664878399,1.10088586807251,2.84180269687987e-05,3
32,0.000345927664878399,1.07867360115051,2.65395856043317e-05,4
32,0.000345927664878399,1.09887790679932,2.39925634355323e-05,6
32,0.000345927664878399,1.07272839546204,2.72471543112957e-05,5
32,0.000345927664878399,1.11642718315125,3.25409555878868e-05,4
32,0.000345927664878399,1.03892278671265,2.38619914684129e-05,5
32,0.000345927664878399,1.10013031959534,2.46768898272572e-05,4
32,0.000345927664878399,1.07778668403625,3.29881981475819e-05,4
32,0.000345927664878399,1.07021164894104,2.90446744276111e-05,4
32,0.000345927664878399,1.10724997520447,2.80252781447087e-05,6
32,0.000345927664878399,1.05148673057556,2.81386596885847e-05,6
32,0.000345927664878399,1.12360095977783,3.15649762399848e-05,3
32,0.000345927664878399,1.06127429008484,2.42097162111042e-05,5
32,0.000345927664878399,0.999094247817993,2.37920673229761e-05,4
32,0.000345927664878399,1.13649916648865,3.40057818222509e-05,2
32,0.000345927664878399,1.05170607566833,2.97420196424691e-05,5
32,0.000345927664878399,1.16917371749878,2.73783754288724e-05,5
32,0.000345927664878399,1.01852226257324,2.48696404847402e-05,3
32,0.000345927664878399,1.14965534210205,3.20643832194731e-05,7
32,0.000345927664878399,1.03172826766968,3.50644088970905e-05,4
32,0.000345927664878399,1.08059859275818,2.95320321123771e-05,3
32,0.000345927664878399,1.06832408905029,3.15284441936132e-05,3
32,0.000345927664878399,1.11040616035461,2.99773772245549e-05,5
32,0.000345927664878399,1.06775593757629,3.08842299353417e-05,3
32,0.000345927664878399,0.949173450469971,2.75074433481433e-05,6
32,0.000345927664878399,1.21093463897705,3.36981706488898e-05,6
32,0.000345927664878399,1.13096141815186,2.7981173686178e-05,7
32,0.000345927664878399,0.938860416412354,2.87321284578767e-05,3
32,0.000345927664878399,1.10276961326599,3.65292995392097e-05,7
32,0.000345927664878399,1.15629148483276,2.73911587234986e-05,5
32,0.000345927664878399,1.09132218360901,2.43035204411426e-05,6
32,0.000345927664878399,0.972248077392578,2.70058113367316e-05,6
32,0.000345927664878399,1.23416352272034,2.73326844728662e-05,7
32,0.000345927664878399,1.09699821472168,2.6839635955174e-05,5
32,0.000345927664878399,1.14951968193054,2.80488574122311e-05,6
32,0.000345927664878399,1.23241925239563,3.29762459717473e-05,4
33,0.000383170208431007,0.901378631591797,2.11144175334604e-05,6
