,Subject_all,MeanMVC_all,StrideTime_all,WalkingAmp_all,NumberofBursts_all
0,1,0.00030466796262517,1.10850381851196,2.35033520160024e-05,4
1,1,0.00030466796262517,1.1199059486389198,3.47286456576646e-05,4
2,1,0.00030466796262517,1.07750415802002,3.27709841669661e-05,2
3,1,0.00030466796262517,1.05528545379639,2.31507285211084e-05,5
4,1,0.00030466796262517,1.08087730407715,2.78459524791135e-05,3
5,1,0.00030466796262517,1.08609056472778,2.7773468876476097e-05,5
6,1,0.00030466796262517,1.12517261505127,3.62659052913656e-05,2
7,1,0.00030466796262517,1.06299781799316,2.9406224389080395e-05,1
8,1,0.00030466796262517,1.02433705329895,2.81769922895151e-05,3
9,1,0.00030466796262517,1.12978053092957,3.37571540711568e-05,4
10,1,0.00030466796262517,1.0807626247406,3.79488766156068e-05,2
11,1,0.00030466796262517,1.03850722312927,3.02318973828885e-05,4
12,1,0.00030466796262517,1.10884976387024,2.90686588147258e-05,1
13,1,0.00030466796262517,1.03546547889709,3.0895598371552395e-05,2
14,1,0.00030466796262517,1.0977954864502,3.75466100746318e-05,2
15,1,0.00030466796262517,1.04862189292908,3.21645316167153e-05,4
16,1,0.00030466796262517,1.05213975906372,3.93520026043878e-05,3
17,1,0.00030466796262517,1.10404181480408,3.5302429527629605e-05,2
18,1,0.00030466796262517,1.09452795982361,3.70002929887286e-05,2
19,1,0.00030466796262517,1.13674068450928,2.79651119646169e-05,5
20,1,0.00030466796262517,1.0024778842926,4.2959416201421004e-05,5
21,1,0.00030466796262517,1.1639580726623502,3.22386083734339e-05,4
22,1,0.00030466796262517,1.06270265579224,3.1697845368811796e-05,2
23,1,0.00030466796262517,1.01932382583618,4.36596370080792e-05,3
24,1,0.00030466796262517,1.0331072807312,2.75147760350347e-05,4
25,1,0.00030466796262517,1.07071757316589,3.29914061673095e-05,5
26,1,0.00030466796262517,1.06006956100464,4.090765715247371e-05,2
27,1,0.00030466796262517,1.08898329734802,3.72772005694199e-05,3
28,1,0.00030466796262517,1.08509159088135,3.21971536986339e-05,3
29,1,0.00030466796262517,1.09225630760193,3.73999463165762e-05,4
30,1,0.00030466796262517,1.0822942256927501,3.71652534000799e-05,3
31,1,0.00030466796262517,1.08313465118408,3.42324993225515e-05,4
32,1,0.00030466796262517,1.11109328269958,3.8154912555297794e-05,3
33,1,0.00030466796262517,1.05514335632324,2.8767150925869202e-05,2
34,1,0.00030466796262517,1.10068011283875,4.07759656167114e-05,4
35,1,0.00030466796262517,1.0847702026367199,3.0501396407784102e-05,5
36,1,0.00030466796262517,1.0836219787597698,3.3092439433419504e-05,5
37,1,0.00030466796262517,1.08013272285461,3.27769132477454e-05,6
38,1,0.00030466796262517,1.0820133686065698,3.97454192180655e-05,3
39,1,0.00030466796262517,1.07272934913635,3.51560786196052e-05,4
40,1,0.00030466796262517,1.11939668655396,4.61592486858884e-05,4
41,1,0.00030466796262517,1.16067218780518,4.02938265601324e-05,3
42,2,0.000131587459278814,1.10935163497925,2.54840677365344e-05,3
43,2,0.000131587459278814,1.0923368930816701,2.4133888438355803e-05,5
44,2,0.000131587459278814,1.10891032218933,2.35768501976237e-05,3
45,2,0.000131587459278814,1.09747910499573,2.24161132673614e-05,3
46,2,0.000131587459278814,1.07544612884521,2.4116343640056e-05,5
47,2,0.000131587459278814,1.08900046348572,2.13865377222534e-05,4
48,2,0.000131587459278814,1.09333181381226,2.71170783821792e-05,3
49,2,0.000131587459278814,1.0887241363525402,2.3314250224475198e-05,3
50,2,0.000131587459278814,1.09876370429993,2.66317722207544e-05,2
51,2,0.000131587459278814,1.08479905128479,2.6659927425025303e-05,3
52,2,0.000131587459278814,1.09761595726013,2.3422535538592002e-05,1
53,2,0.000131587459278814,1.08056378364563,2.6384401486676604e-05,4
54,2,0.000131587459278814,1.08585119247437,2.4500738736873102e-05,5
55,2,0.000131587459278814,1.0887374877929699,3.01894719479513e-05,4
56,2,0.000131587459278814,1.1015152931213401,3.66597836349572e-05,4
57,2,0.000131587459278814,1.11390447616577,2.5606444015766898e-05,4
58,2,0.000131587459278814,1.1416010856628402,2.0023995856601604e-05,3
59,2,0.000131587459278814,1.1001498699188201,2.36855975735057e-05,4
60,2,0.000131587459278814,1.087153673172,2.43716344302559e-05,5
61,2,0.000131587459278814,1.09471797943115,2.7650448350851398e-05,1
62,2,0.000131587459278814,1.08034300804138,2.9049132712048998e-05,2
63,2,0.000131587459278814,1.09624838829041,2.8336844234113598e-05,3
64,2,0.000131587459278814,1.1256303787231399,3.97355452435599e-05,3
65,2,0.000131587459278814,1.09909772872925,2.9814926926722497e-05,3
66,2,0.000131587459278814,1.20917296409607,2.46069264289963e-05,3
67,2,0.000131587459278814,1.16169929504395,2.8006144174947303e-05,2
68,2,0.000131587459278814,1.14799952507019,2.84979375662174e-05,6
69,2,0.000131587459278814,1.13672709465027,2.70569213247438e-05,5
70,2,0.000131587459278814,1.14470601081848,2.57407507529249e-05,2
71,2,0.000131587459278814,1.134516954422,3.6961379768440207e-05,3
72,2,0.000131587459278814,1.1390979290008503,2.57372213752719e-05,3
73,2,0.000131587459278814,1.13946938514709,2.1475966223027698e-05,2
74,2,0.000131587459278814,1.09913372993469,2.7684221133301098e-05,4
75,2,0.000131587459278814,1.11129951477051,3.4736795800955e-05,4
76,2,0.000131587459278814,1.12725973129272,3.66786503064224e-05,3
77,2,0.000131587459278814,1.11395120620728,2.34319369396304e-05,2
78,2,0.000131587459278814,1.1258239746093799,3.03342476971127e-05,4
79,2,0.000131587459278814,1.1298863887786899,3.6034611268134004e-05,3
80,2,0.000131587459278814,1.11953043937683,2.61043442179566e-05,4
81,2,0.000131587459278814,1.1365139484405502,3.19416262858668e-05,4
82,2,0.000131587459278814,1.14204740524292,2.93524642267607e-05,3
83,3,0.000157664241869113,1.19910669326782,1.17733567226979e-05,2
84,3,0.000157664241869113,1.2145495414733898,1.0438536577811e-05,4
85,3,0.000157664241869113,1.2326397895813,1.02087787430635e-05,4
86,3,0.000157664241869113,1.21102833747864,1.12462275387595e-05,5
87,3,0.000157664241869113,1.1944079399108898,1.1137231417063601e-05,2
88,3,0.000157664241869113,1.16930913925171,1.1477244759140199e-05,5
89,3,0.000157664241869113,1.22219514846802,1.1561052574463e-05,7
90,3,0.000157664241869113,1.23854231834412,1.14995888298156e-05,3
91,3,0.000157664241869113,1.22107601165771,1.14375911032576e-05,9
92,3,0.000157664241869113,1.2007265090942398,8.76643594394245e-06,6
93,3,0.000157664241869113,1.19411611557007,1.56429434030904e-05,4
94,3,0.000157664241869113,1.19846653938293,1.19366152766767e-05,5
95,3,0.000157664241869113,1.2245306968688998,1.11489760590018e-05,4
96,3,0.000157664241869113,1.2143054008483898,1.1305951798575e-05,2
97,3,0.000157664241869113,1.21054434776306,1.27190666849504e-05,7
98,3,0.000157664241869113,1.2103693485259999,1.06744595154877e-05,5
99,3,0.000157664241869113,1.23467564582825,1.04057437935994e-05,3
100,3,0.000157664241869113,1.2508270740509,1.08252063836209e-05,4
101,3,0.000157664241869113,1.2329211235046398,1.3261001744878099e-05,4
102,3,0.000157664241869113,1.2255327701568601,1.0904014713675098e-05,8
103,3,0.000157664241869113,1.24515128135681,1.91038705142978e-05,6
104,3,0.000157664241869113,1.2403635978698702,1.16451432619164e-05,3
105,3,0.000157664241869113,1.21884202957153,1.1565239538508698e-05,5
106,3,0.000157664241869113,1.2362208366394,1.03597963618291e-05,5
107,3,0.000157664241869113,1.24636125564575,1.05250267051971e-05,4
108,3,0.000157664241869113,1.2548506259918202,1.4555327066179999e-05,6
109,3,0.000157664241869113,1.2123658657074,1.69493766814701e-05,3
110,3,0.000157664241869113,1.2091178894043,1.24771966600599e-05,6
111,3,0.000157664241869113,1.1713113784790001,2.84931896893474e-05,4
112,3,0.000157664241869113,1.19798517227173,2.62536742832935e-05,3
113,3,0.000157664241869113,1.2018458843231201,2.31706653598921e-05,4
114,3,0.000157664241869113,1.1800625324249299,2.31942671001651e-05,4
115,3,0.000157664241869113,1.16210007667542,2.26847592542258e-05,2
160,5,0.000300620883337406,1.06860971450806,0.00333013404092431,4
161,5,0.000300620883337406,1.0835821628570599,0.0015413678312182599,5
162,5,0.000300620883337406,1.05457377433777,0.00289328835715446,2
163,5,0.000300620883337406,1.06976914405823,0.00413722295578906,6
164,5,0.000300620883337406,1.05162024497986,0.00410628848847144,7
165,5,0.000300620883337406,1.0700654983520501,0.0039034887367606,4
166,5,0.000300620883337406,1.0879693031311,0.0034164652112515397,3
167,5,0.000300620883337406,1.05491924285889,0.00375176667092652,1
168,5,0.000300620883337406,1.06913757324219,0.00350698195821027,7
169,5,0.000300620883337406,1.05640745162964,0.00281348860267435,4
170,5,0.000300620883337406,1.05342626571655,0.00341801233093712,3
171,5,0.000300620883337406,1.07149577140808,0.00288071261882535,3
172,5,0.000300620883337406,1.0652887821197499,0.0030378922931478,1
173,5,0.000300620883337406,1.07486867904663,0.00377621584823929,1
174,5,0.000300620883337406,1.0849936008453398,0.00278848622482751,1
175,5,0.000300620883337406,1.07316875457764,0.00293329812182372,6
176,5,0.000300620883337406,1.04606628417969,0.00315353968308772,5
177,5,0.000300620883337406,1.09451007843018,0.0036580638191406,3
178,5,0.000300620883337406,1.06482577323914,0.00357520348654891,5
179,5,0.000300620883337406,1.0451922416687,0.00722207411730125,3
180,5,0.000300620883337406,1.1068942546844498,0.0051207089703944894,1
181,5,0.000300620883337406,1.05980706214905,0.0017594282258107101,3
182,5,0.000300620883337406,1.05699825286865,0.00209000472737201,3
183,5,0.000300620883337406,1.05612587928772,0.00218095914905975,4
184,5,0.000300620883337406,1.0583221912384,0.00239537552429113,3
185,5,0.000300620883337406,1.0265822410583498,0.00439146674996326,4
186,5,0.000300620883337406,1.0888569355011,0.00374035008848377,2
187,5,0.000300620883337406,1.07461309432983,0.0043857595613211,4
188,5,0.000300620883337406,1.0556814670562702,0.00307535384524555,2
189,5,0.000300620883337406,1.06602907180786,0.00295009412990409,4
190,5,0.000300620883337406,1.05578184127808,0.00290694744477854,4
191,5,0.000300620883337406,1.06298303604126,0.00272374709957238,3
192,5,0.000300620883337406,1.0504179000854499,0.00263502922741375,1
193,5,0.000300620883337406,1.0757858753204301,0.00284434362998103,4
194,5,0.000300620883337406,1.04465055465698,0.00344345599830607,4
195,5,0.000300620883337406,1.05793595314026,0.00397556021257145,1
196,5,0.000300620883337406,1.06149005889893,0.0026394749048655602,1
197,5,0.000300620883337406,1.08041429519653,0.00344752360688942,4
198,5,0.000300620883337406,1.0704038143158001,0.0028035620402977897,4
199,5,0.000300620883337406,1.04064846038818,0.00287917317965657,3
200,5,0.000300620883337406,1.0875103473663301,0.00397900846601281,3
201,5,0.000300620883337406,1.06386947631836,0.004367910480083339,1
202,6,0.00032472153662533,1.0597758293151898,3.1576042896128805e-05,3
203,6,0.00032472153662533,1.07668161392212,3.7021152233341794e-05,4
204,6,0.00032472153662533,1.06317687034607,3.3718092580168e-05,3
205,6,0.00032472153662533,1.0304982662200899,3.9767358909390794e-05,2
206,6,0.00032472153662533,1.02709293365479,4.0180283809171204e-05,5
207,6,0.00032472153662533,1.03601622581482,4.3535019086775e-05,2
208,6,0.00032472153662533,1.01426863670349,3.970275266716071e-05,3
209,6,0.00032472153662533,1.0414834022522,3.6022682675096705e-05,4
210,6,0.00032472153662533,1.0272810459137,4.5658691386956606e-05,2
211,6,0.00032472153662533,1.00200581550598,4.63934297784961e-05,1
212,6,0.00032472153662533,1.02291536331177,4.44409686306779e-05,2
213,6,0.00032472153662533,1.02102065086365,4.5485022085006705e-05,1
214,6,0.00032472153662533,1.01810908317566,3.61808258254164e-05,1
215,6,0.00032472153662533,1.05547475814819,3.75676545860844e-05,4
216,6,0.00032472153662533,1.0163722038269,3.16552635731476e-05,2
217,6,0.00032472153662533,1.04122424125671,3.49672699904784e-05,2
218,6,0.00032472153662533,1.03507685661316,3.39136536985829e-05,4
219,6,0.00032472153662533,1.03179836273193,2.5071559949484198e-05,4
220,6,0.00032472153662533,1.04903340339661,3.10517721965721e-05,4
221,6,0.00032472153662533,1.04787731170654,2.7864858694329603e-05,2
222,6,0.00032472153662533,1.0658643245697,2.3859074577622e-05,3
223,6,0.00032472153662533,1.05009341239929,4.02304099606756e-05,2
224,6,0.00032472153662533,1.0323064327240001,2.8508174117084004e-05,3
225,6,0.00032472153662533,1.05548548698425,3.20158092851728e-05,3
226,6,0.00032472153662533,1.04246354103088,5.49678474325817e-05,1
227,6,0.00032472153662533,1.07466244697571,2.33041747965851e-05,3
228,6,0.00032472153662533,1.05328941345215,4.2055433707748206e-05,3
229,6,0.00032472153662533,1.0801422595977799,4.00399457651121e-05,5
230,6,0.00032472153662533,1.05711555480957,3.17753282021533e-05,3
231,6,0.00032472153662533,1.06625628471375,2.5224018626044e-05,4
232,6,0.00032472153662533,1.04006052017212,4.41418056323029e-05,3
233,6,0.00032472153662533,1.04473614692688,3.45969346515033e-05,2
234,6,0.00032472153662533,1.03435254096985,3.10644763644461e-05,4
235,6,0.00032472153662533,1.0593090057373,3.2668727528775105e-05,4
236,6,0.00032472153662533,1.02397513389587,3.2475933015045896e-05,3
237,6,0.00032472153662533,1.05291724205017,2.65126350218327e-05,3
238,6,0.00032472153662533,1.05981659889221,2.3985671505865898e-05,2
239,6,0.00032472153662533,1.01876091957092,2.92953638632122e-05,4
240,6,0.00032472153662533,1.01422929763794,2.75790123108476e-05,4
241,6,0.00032472153662533,1.02514410018921,2.59287774550308e-05,6
242,6,0.00032472153662533,1.0085186958313,3.0642707856188895e-05,3
243,6,0.00032472153662533,0.9897463321685791,3.06252648712547e-05,3
244,6,0.00032472153662533,1.01243925094604,2.74425402206935e-05,4
245,6,0.00032472153662533,0.9966533184051509,2.2505489948726398e-05,2
246,6,0.00032472153662533,0.990584135055542,2.74639031677272e-05,3
247,7,0.00031424218731745696,1.17068219184875,2.7750340101952803e-05,3
248,7,0.00031424218731745696,0.964164972305298,2.36610118502705e-05,3
249,7,0.00031424218731745696,0.9405546188354491,3.02457433697567e-05,4
250,7,0.00031424218731745696,1.02385854721069,2.8655743238288398e-05,2
251,7,0.00031424218731745696,0.994142293930054,2.5916243507856302e-05,4
252,7,0.00031424218731745696,1.08113789558411,2.68446633685391e-05,1
253,7,0.00031424218731745696,1.11121582984924,2.86311486428539e-05,6
254,7,0.00031424218731745696,0.970745086669922,3.46871932587721e-05,5
255,7,0.00031424218731745696,1.0920009613037098,2.5874458086716e-05,3
256,7,0.00031424218731745696,1.07807898521423,2.0999819144486e-05,6
257,7,0.00031424218731745696,1.07236933708191,2.44107856214409e-05,4
258,7,0.00031424218731745696,1.06639361381531,2.9889054437910303e-05,3
259,7,0.00031424218731745696,1.13560557365417,2.55795021665957e-05,3
260,7,0.00031424218731745696,1.13627433776855,2.91882270672648e-05,4
261,7,0.00031424218731745696,1.08285903930664,3.24571637563073e-05,4
262,7,0.00031424218731745696,0.947158336639404,4.06829738991234e-05,6
263,7,0.00031424218731745696,1.12513017654419,2.9842173918124395e-05,5
264,7,0.00031424218731745696,0.9655954837799069,3.07855050532251e-05,3
265,7,0.00031424218731745696,0.943771123886108,2.4016950059373998e-05,4
266,7,0.00031424218731745696,1.00916194915771,2.5274464753425898e-05,6
267,7,0.00031424218731745696,1.1264107227325402,2.30704555091305e-05,2
268,7,0.00031424218731745696,0.932324647903442,2.2459291542978e-05,4
269,7,0.00031424218731745696,1.05468797683716,2.3732011708777698e-05,4
270,7,0.00031424218731745696,1.05291247367859,2.3673889583972897e-05,2
271,7,0.00031424218731745696,1.24056816101074,3.31615810023449e-05,4
272,7,0.00031424218731745696,0.974063158035278,2.5931036685217e-05,2
273,7,0.00031424218731745696,1.05458831787109,3.2108017102292894e-05,3
274,7,0.00031424218731745696,1.01659512519836,2.7338564527189103e-05,3
275,7,0.00031424218731745696,0.9157288074493409,2.7503755872752397e-05,3
276,7,0.00031424218731745696,1.0477724075317398,3.4128607840872e-05,4
277,7,0.00031424218731745696,1.0451581478118899,2.39909594254297e-05,2
278,7,0.00031424218731745696,1.07853937149048,3.58656615234956e-05,4
279,7,0.00031424218731745696,1.03585696220398,2.84122940278614e-05,4
280,7,0.00031424218731745696,1.16276812553406,2.6903141013743e-05,3
281,7,0.00031424218731745696,0.949236392974854,2.67583275152103e-05,3
282,7,0.00031424218731745696,1.13306570053101,3.60575148959343e-05,4
283,7,0.00031424218731745696,1.06309390068054,3.00296843440985e-05,4
284,8,0.00015319169781909198,1.0264718532562298,2.1951431063994897e-05,4
285,8,0.00015319169781909198,1.03525257110596,2.8359004012967304e-05,7
286,8,0.00015319169781909198,1.0512986183166502,2.25337423285403e-05,6
287,8,0.00015319169781909198,1.09097599983215,2.29823327645142e-05,5
288,8,0.00015319169781909198,1.04505944252014,2.5141144339505302e-05,5
289,8,0.00015319169781909198,0.963041067123413,2.6484047837145102e-05,3
290,8,0.00015319169781909198,1.01719665527344,2.94848152282475e-05,2
291,8,0.00015319169781909198,1.0285720825195301,2.6181561397722603e-05,4
292,8,0.00015319169781909198,1.03910732269287,2.56761114558985e-05,3
293,8,0.00015319169781909198,1.01865005493164,2.3868608054017604e-05,4
294,8,0.00015319169781909198,0.9877970218658451,3.04121958652666e-05,4
295,8,0.00015319169781909198,1.03457880020142,2.3164689938064102e-05,5
296,8,0.00015319169781909198,1.01772475242615,2.6571160436101897e-05,3
297,8,0.00015319169781909198,1.0407173633575402,2.62812283339316e-05,3
298,8,0.00015319169781909198,1.0421352386474598,2.5389265200319e-05,3
299,8,0.00015319169781909198,1.04432344436646,3.00261261493083e-05,2
300,8,0.00015319169781909198,1.04028058052063,2.55057614547205e-05,4
301,8,0.00015319169781909198,0.999719858169556,2.82089818331547e-05,3
302,8,0.00015319169781909198,1.02502846717834,2.62749826427943e-05,4
303,8,0.00015319169781909198,1.0153019428253198,2.45632262232083e-05,2
304,8,0.00015319169781909198,0.9908833503723141,2.80312566612748e-05,2
305,8,0.00015319169781909198,1.07891893386841,2.5999281547893302e-05,3
306,8,0.00015319169781909198,0.9719014167785641,2.63529615074267e-05,4
307,8,0.00015319169781909198,0.941267728805542,2.7728041881337397e-05,4
308,8,0.00015319169781909198,1.06674551963806,1.9051903014217602e-05,5
309,8,0.00015319169781909198,1.08571028709412,2.54745557384441e-05,6
310,8,0.00015319169781909198,0.9124653339385991,2.6458231325272502e-05,2
311,8,0.00015319169781909198,1.1298043727874798,2.75309587982397e-05,4
312,8,0.00015319169781909198,0.892591953277588,2.5602311318847698e-05,3
313,8,0.00015319169781909198,1.06941819190979,2.14343910658458e-05,4
314,8,0.00015319169781909198,1.0156455039978,2.5429344004551604e-05,5
315,8,0.00015319169781909198,0.933179140090942,2.7021938609671104e-05,2
316,8,0.00015319169781909198,1.04286980628967,2.6851966889943697e-05,3
317,8,0.00015319169781909198,1.09246349334717,2.47720279023018e-05,4
318,8,0.00015319169781909198,0.900985240936279,2.5985765890263102e-05,2
319,8,0.00015319169781909198,1.1053395271301298,2.5793755141038898e-05,5
320,8,0.00015319169781909198,0.989599227905273,2.5693023476695102e-05,4
321,8,0.00015319169781909198,0.9207956790924069,3.0784338941115506e-05,3
322,8,0.00015319169781909198,1.06586241722107,3.0396845041399396e-05,3
323,8,0.00015319169781909198,0.9279022216796879,2.61918149762067e-05,4
324,8,0.00015319169781909198,1.09046697616577,2.15899185324583e-05,4
325,8,0.00015319169781909198,0.9602096080780029,2.9172087746702802e-05,3
326,8,0.00015319169781909198,1.07264828681946,2.29737018016499e-05,3
327,8,0.00015319169781909198,0.9208092689514159,2.59960162479529e-05,2
328,8,0.00015319169781909198,1.0221526622772201,2.5042439327752202e-05,4
329,8,0.00015319169781909198,1.01131057739258,2.38450084253952e-05,4
330,9,0.000152909492975593,1.14203333854675,1.77709834967816e-05,3
331,9,0.000152909492975593,1.13638186454773,1.66207705641828e-05,3
332,9,0.000152909492975593,1.13927602767944,1.9262108070857997e-05,3
333,9,0.000152909492975593,1.15682721138,1.6894788637510098e-05,3
334,9,0.000152909492975593,1.12830495834351,1.71052968321056e-05,2
335,9,0.000152909492975593,1.13776993751526,1.7483418715315e-05,2
336,9,0.000152909492975593,1.12873220443726,1.7902144766011603e-05,3
337,9,0.000152909492975593,1.14137244224548,1.87466365745797e-05,2
338,9,0.000152909492975593,1.16138172149658,1.72196646554e-05,2
339,9,0.000152909492975593,1.11763596534729,1.93429547005538e-05,2
340,9,0.000152909492975593,1.1443479061126698,2.1270501329069896e-05,2
341,9,0.000152909492975593,1.13918805122375,1.7791741010729502e-05,2
342,9,0.000152909492975593,1.1584582328796398,1.53758580321625e-05,3
343,9,0.000152909492975593,1.12013292312622,1.8422923755860397e-05,2
344,9,0.000152909492975593,1.1313898563384999,1.9366843478970498e-05,2
345,9,0.000152909492975593,1.14640212059021,1.66586851796926e-05,4
346,9,0.000152909492975593,1.15477442741394,1.73527753602652e-05,2
347,9,0.000152909492975593,1.1156034469604499,1.60604451406513e-05,3
348,9,0.000152909492975593,1.1535723209381101,1.8349482945422897e-05,2
349,9,0.000152909492975593,1.13401770591736,1.55124702253176e-05,2
350,9,0.000152909492975593,1.16676473617554,1.61154613192022e-05,3
351,9,0.000152909492975593,1.12626194953918,1.73317818691787e-05,2
352,9,0.000152909492975593,1.2356097698211699,1.98672318916541e-05,4
353,9,0.000152909492975593,1.2313435077667199,1.48367875178138e-05,4
354,9,0.000152909492975593,1.16967940330505,1.8153049469225798e-05,2
355,9,0.000152909492975593,1.14863681793213,4.8572590095853795e-05,3
356,9,0.000152909492975593,1.1180016994476298,2.05893816369077e-05,3
357,9,0.000152909492975593,1.1084125041961699,1.4659011291069101e-05,3
358,9,0.000152909492975593,1.1411647796630902,1.78714135819403e-05,2
359,9,0.000152909492975593,1.1490275859832801,1.5030514135601e-05,3
360,9,0.000152909492975593,1.1432697772979699,1.68841760217082e-05,2
361,9,0.000152909492975593,1.1455507278442398,1.9625858752029396e-05,2
362,9,0.000152909492975593,1.07983660697937,1.68843373742898e-05,2
363,9,0.000152909492975593,1.1750710010528602,2.22160774580987e-05,2
364,9,0.000152909492975593,1.0665190219879201,1.9843617108201897e-05,3
365,9,0.000152909492975593,1.1121242046356201,1.50612269523694e-05,3
366,9,0.000152909492975593,1.1076014041900601,1.64432190528648e-05,3
367,9,0.000152909492975593,1.11787509918213,1.6559336857453798e-05,2
368,9,0.000152909492975593,1.12485837936401,1.8790603539585603e-05,2
369,10,0.00026255415997642004,1.23955106735229,0.00015420396859041398,6
370,10,0.00026255415997642004,1.0990846157074,0.000220952381551081,2
371,10,0.00026255415997642004,1.34792160987854,0.000306075679270781,3
372,10,0.00026255415997642004,1.15487027168274,0.00041605798858315496,1
373,10,0.00026255415997642004,1.24196457862854,0.000126692487334024,5
374,10,0.00026255415997642004,1.3471996784210198,0.000276974657687126,4
375,10,0.00026255415997642004,1.14078402519226,0.000254963372400596,4
376,10,0.00026255415997642004,1.26591563224792,0.00027009402313624397,4
377,10,0.00026255415997642004,1.32989978790283,0.00025963230735450403,4
378,10,0.00026255415997642004,1.18425154685974,0.000211274794534095,3
379,10,0.00026255415997642004,1.21715831756592,0.000331327120357418,2
380,10,0.00026255415997642004,1.2342534065246598,0.00025952397411602797,5
381,10,0.00026255415997642004,1.2461416721343999,0.000309115987081759,5
382,10,0.00026255415997642004,1.25045084953308,0.000277863331328196,3
383,10,0.00026255415997642004,1.36721515655518,0.000290099085346506,5
384,10,0.00026255415997642004,1.24753570556641,0.000297444628344971,4
385,10,0.00026255415997642004,1.1524715423584,0.00026644119229819,4
386,10,0.00026255415997642004,1.33949375152588,0.000342719063130975,4
387,10,0.00026255415997642004,1.33449530601501,0.00015966770951368001,4
388,10,0.00026255415997642004,1.25908780097961,0.00026245578806980097,3
389,10,0.00026255415997642004,1.2986466884613,0.000294073105628728,5
390,10,0.00026255415997642004,1.28031945228577,0.000326677580063034,3
391,10,0.00026255415997642004,1.25910758972168,0.000258287604201313,4
392,10,0.00026255415997642004,1.27772116661072,0.000333021637288568,3
393,10,0.00026255415997642004,1.37853860855103,0.00037446029627606603,3
394,10,0.00026255415997642004,1.26710915565491,0.000286756789109425,4
395,10,0.00026255415997642004,1.19665360450745,0.000292514662014365,3
396,10,0.00026255415997642004,1.25249338150024,0.000247961631056993,4
397,10,0.00026255415997642004,1.37855315208435,0.00033044564491211,3
398,10,0.00026255415997642004,1.20018625259399,0.000313231522912248,3
399,10,0.00026255415997642004,1.3769638538360602,0.000292305261891469,3
400,10,0.00026255415997642004,1.1546726226806598,0.000307862461821371,4
401,10,0.00026255415997642004,1.3331241607666,0.000258209224790798,3
402,10,0.00026255415997642004,1.12033462524414,0.000268705156049392,4
403,10,0.00026255415997642004,1.25317597389221,0.000302128176197128,5
404,10,0.00026255415997642004,1.36799740791321,0.000351787718988951,3
405,11,0.000190083552356171,1.066561460495,2.7393787600581e-05,5
406,11,0.000190083552356171,1.07042646408081,2.5622931267148398e-05,5
407,11,0.000190083552356171,1.07806253433228,2.22136428049722e-05,5
408,11,0.000190083552356171,1.03937029838562,2.34516956882634e-05,3
409,11,0.000190083552356171,1.05984950065613,2.6839471362313898e-05,3
410,11,0.000190083552356171,1.05908632278442,2.31435721761785e-05,6
411,11,0.000190083552356171,1.06381940841675,2.4653219633425897e-05,4
412,11,0.000190083552356171,1.0461962223053,2.8007748680562395e-05,3
413,11,0.000190083552356171,1.03762054443359,2.70164591526304e-05,5
414,11,0.000190083552356171,1.0371384620666502,2.4794950287438603e-05,4
415,11,0.000190083552356171,1.06974053382874,2.87355054861605e-05,3
416,11,0.000190083552356171,0.994474172592163,2.8579480597817797e-05,5
417,11,0.000190083552356171,1.0393602848053,3.16465774412601e-05,5
418,11,0.000190083552356171,1.0652396678924598,2.6852312814327697e-05,4
419,11,0.000190083552356171,1.00854396820068,2.8257402897647198e-05,6
420,11,0.000190083552356171,1.0548026561737098,2.71256993501358e-05,5
421,11,0.000190083552356171,1.04503273963928,2.7822380846022303e-05,4
422,11,0.000190083552356171,1.07532477378845,2.3899949147607897e-05,4
423,11,0.000190083552356171,1.08239722251892,2.7867128585532202e-05,4
424,11,0.000190083552356171,1.02995228767395,3.11760651329378e-05,4
425,11,0.000190083552356171,1.17655181884766,2.3331678406641198e-05,4
426,11,0.000190083552356171,0.9705805778503421,3.1032005567404e-05,1
427,11,0.000190083552356171,1.01236891746521,2.89170847430502e-05,4
428,11,0.000190083552356171,1.0534250736236601,2.89239225080292e-05,6
429,11,0.000190083552356171,1.06498408317566,2.80771698028802e-05,4
430,11,0.000190083552356171,1.0322232246398901,2.47731372639755e-05,6
431,11,0.000190083552356171,1.07952451705933,2.9384143135252e-05,3
432,11,0.000190083552356171,1.07829689979553,2.96734249463911e-05,5
433,11,0.000190083552356171,1.0464901924133299,2.7576879322915996e-05,5
434,11,0.000190083552356171,1.1050930023193402,2.91251349109873e-05,4
435,11,0.000190083552356171,1.03977847099304,2.53782345028875e-05,5
436,11,0.000190083552356171,1.04862856864929,2.73066778253747e-05,3
437,11,0.000190083552356171,1.10572814941406,2.47036553660723e-05,5
438,11,0.000190083552356171,1.08114385604858,2.76927925811065e-05,5
439,11,0.000190083552356171,1.0845034122466999,2.38568767783833e-05,6
440,11,0.000190083552356171,1.12999415397644,2.54789249966792e-05,8
441,11,0.000190083552356171,1.0621769428253198,2.94941558570698e-05,4
442,11,0.000190083552356171,1.04630208015442,3.01581602172802e-05,4
443,11,0.000190083552356171,1.0844290256500202,2.67868204717345e-05,4
444,11,0.000190083552356171,1.1311826705932602,3.0531572150601e-05,5
445,11,0.000190083552356171,1.02750015258789,3.07848333305e-05,6
446,11,0.000190083552356171,1.0895786285400402,2.987394962232e-05,7
447,11,0.000190083552356171,1.09928846359253,2.4751274932577898e-05,4
448,11,0.000190083552356171,1.0695655345916701,2.42653259763253e-05,4
449,12,0.000130730704999092,1.00963139533997,2.7759396463545197e-05,5
450,12,0.000130730704999092,1.0057890415191701,2.76058625453092e-05,3
451,12,0.000130730704999092,1.0028247833252,2.3356421905571302e-05,4
452,12,0.000130730704999092,1.01330494880676,2.4020892865812698e-05,5
453,12,0.000130730704999092,0.9933800697326659,2.5920779190591602e-05,3
454,12,0.000130730704999092,1.00454902648926,2.54601907152117e-05,3
455,12,0.000130730704999092,1.00201320648193,2.65879319875656e-05,4
456,12,0.000130730704999092,1.0259711742401099,2.5582167246899103e-05,3
457,12,0.000130730704999092,1.00688362121582,2.21642038529401e-05,4
458,12,0.000130730704999092,0.9931001663208009,2.4357332040323602e-05,4
459,12,0.000130730704999092,0.9913747310638431,2.30733416256443e-05,5
460,12,0.000130730704999092,1.0178258419036899,2.43942293650214e-05,3
461,12,0.000130730704999092,1.0281951427459701,2.39613815014637e-05,6
462,12,0.000130730704999092,1.00148797035217,2.61282007658369e-05,3
463,12,0.000130730704999092,0.9773094654083249,2.50012000600719e-05,4
464,12,0.000130730704999092,0.9903075695037841,2.85896087846323e-05,3
465,12,0.000130730704999092,1.00036787986755,2.7579591938311303e-05,4
466,12,0.000130730704999092,1.0031361579895,2.7514741389060303e-05,5
467,12,0.000130730704999092,1.0172870159149199,2.4224694797032002e-05,5
468,12,0.000130730704999092,1.04611968994141,2.2333707568359303e-05,6
469,12,0.000130730704999092,1.0185399055481,2.26877272115868e-05,4
470,12,0.000130730704999092,1.05315923690796,2.1506624691184198e-05,4
471,12,0.000130730704999092,1.06829762458801,1.9356028549726997e-05,5
472,12,0.000130730704999092,1.2588715553283703,1.91782790040147e-05,7
473,12,0.000130730704999092,0.9692494869232181,1.99106162326988e-05,4
474,12,0.000130730704999092,1.2030041217803997,1.65627555561684e-05,3
475,12,0.000130730704999092,0.9296584129333499,2.65892907897585e-05,6
476,12,0.000130730704999092,1.01434087753296,2.96145728054895e-05,4
477,12,0.000130730704999092,0.977183818817139,2.69651740638232e-05,3
478,12,0.000130730704999092,0.9394266605377201,2.6237117045250102e-05,5
479,12,0.000130730704999092,1.00215220451355,2.0020670617400602e-05,4
480,12,0.000130730704999092,1.00255846977234,2.35922924814491e-05,4
481,12,0.000130730704999092,1.03861141204834,2.3875361203072302e-05,4
482,12,0.000130730704999092,0.9368205070495609,2.68394364829327e-05,4
483,12,0.000130730704999092,1.0050730705261202,2.6917170916053896e-05,3
484,12,0.000130730704999092,0.9303414821624759,2.6441090602458102e-05,4
485,12,0.000130730704999092,0.973957538604736,2.51758295980415e-05,4
486,12,0.000130730704999092,1.03121900558472,2.90873247031345e-05,5
487,12,0.000130730704999092,0.902607917785645,2.39609241676605e-05,5
488,12,0.000130730704999092,1.03516745567322,2.2018669144163603e-05,4
489,12,0.000130730704999092,0.9028580188751221,2.31354448628852e-05,4
490,12,0.000130730704999092,1.00488233566284,2.71074879254938e-05,3
491,12,0.000130730704999092,0.96730375289917,2.5077060755682397e-05,4
492,12,0.000130730704999092,0.9839076995849609,2.4801702597090803e-05,3
493,12,0.000130730704999092,0.972167253494263,2.5472705816217002e-05,4
494,12,0.000130730704999092,0.973562717437744,2.67250565611274e-05,5
495,13,0.000515222741409479,1.10496187210083,2.6001096590864302e-05,3
496,13,0.000515222741409479,1.10999727249146,2.27731609681016e-05,4
497,13,0.000515222741409479,1.19089436531067,2.3029431098519e-05,2
498,13,0.000515222741409479,1.00506472587585,2.6543964392657397e-05,4
499,13,0.000515222741409479,1.1780788898468002,2.6347887763531e-05,4
500,13,0.000515222741409479,1.02391624450684,2.42983133107987e-05,3
501,13,0.000515222741409479,1.07635998725891,2.44131311577781e-05,2
502,13,0.000515222741409479,1.0511777400970501,2.8233182035603997e-05,3
503,13,0.000515222741409479,1.0813395977020301,2.24608616863496e-05,3
504,13,0.000515222741409479,1.0634946823120102,2.44218698917654e-05,2
505,13,0.000515222741409479,1.07387447357178,2.66755416059401e-05,3
506,13,0.000515222741409479,1.064781665802,2.5502367588158802e-05,3
507,13,0.000515222741409479,1.0855450630188,2.70296141379222e-05,2
508,13,0.000515222741409479,1.20467352867126,2.2198206293174898e-05,4
509,13,0.000515222741409479,1.00356292724609,2.52091730985003e-05,3
510,13,0.000515222741409479,1.1583070755004898,2.7625170100008898e-05,6
511,13,0.000515222741409479,1.0899226665496802,2.61158940505368e-05,5
512,13,0.000515222741409479,1.15474104881287,2.69728816487429e-05,3
513,13,0.000515222741409479,1.06943249702454,2.8817677354859697e-05,2
514,13,0.000515222741409479,1.17218089103699,2.82094476551482e-05,4
515,13,0.000515222741409479,1.1041297912597698,2.46261947228038e-05,2
516,13,0.000515222741409479,1.08289051055908,2.25047671097865e-05,4
517,13,0.000515222741409479,1.3978028297424299,2.21594100501374e-05,4
518,13,0.000515222741409479,1.16537761688232,2.4728725484592998e-05,4
519,13,0.000515222741409479,1.13265538215637,2.1545847414751602e-05,5
520,13,0.000515222741409479,1.1475031375884999,2.53769698348432e-05,4
521,13,0.000515222741409479,1.13600897789001,2.68799557565487e-05,3
522,13,0.000515222741409479,1.12323331832886,2.48323292763682e-05,5
523,13,0.000515222741409479,1.07498002052307,2.6443463901612197e-05,4
524,13,0.000515222741409479,1.1162929534912098,2.7540535957831397e-05,3
525,13,0.000515222741409479,1.1825029850006101,2.62365719810387e-05,4
526,13,0.000515222741409479,1.10234069824219,2.57022765175038e-05,3
527,13,0.000515222741409479,1.09874582290649,2.4626908131706198e-05,5
528,13,0.000515222741409479,1.1061015129089398,2.5371253400463002e-05,4
529,13,0.000515222741409479,1.09895014762878,2.8955043243255202e-05,3
530,13,0.000515222741409479,1.1251792907714802,2.79492472296565e-05,2
531,13,0.000515222741409479,1.12270426750183,2.3178151148942603e-05,3
532,13,0.000515222741409479,1.0995626449584999,2.59326925342033e-05,3
533,13,0.000515222741409479,1.17024898529053,2.6756135028263198e-05,4
534,13,0.000515222741409479,1.03125739097595,2.8532537844032695e-05,5
535,14,0.000104400491411728,1.0023727416992199,2.39465545274087e-05,4
536,14,0.000104400491411728,0.9809057712554928,2.25023777855072e-05,4
537,14,0.000104400491411728,1.0107479095459,2.1831014807956e-05,2
538,14,0.000104400491411728,1.00242590904236,2.31644904798185e-05,4
539,14,0.000104400491411728,0.9880859851837159,2.3077160035387302e-05,3
540,14,0.000104400491411728,1.0653147697448702,2.84784092842443e-05,3
541,14,0.000104400491411728,0.931426286697388,2.30418146241224e-05,3
542,14,0.000104400491411728,1.02971816062927,2.48705288882026e-05,3
543,14,0.000104400491411728,0.9891567230224609,2.68045493002677e-05,3
544,14,0.000104400491411728,0.994658470153809,2.4834527363142802e-05,3
545,14,0.000104400491411728,0.990392446517944,2.37085065005935e-05,2
546,14,0.000104400491411728,0.99323582649231,1.83839675223707e-05,2
547,14,0.000104400491411728,0.9958288669586178,2.47918289088652e-05,3
548,14,0.000104400491411728,1.0129618644714398,2.13707759891167e-05,7
549,14,0.000104400491411728,0.9868991374969479,2.2496752661511603e-05,3
550,14,0.000104400491411728,0.989355325698853,2.28218519249987e-05,2
551,14,0.000104400491411728,1.16433048248291,1.92576469268524e-05,4
552,14,0.000104400491411728,1.1592960357666,2.9171333755116998e-05,3
553,14,0.000104400491411728,0.9840054512023929,2.6426170858142302e-05,2
554,14,0.000104400491411728,0.9651186466217041,3.3049208622730604e-05,2
555,14,0.000104400491411728,1.14389157295227,2.5177653161753e-05,3
556,14,0.000104400491411728,0.956700325012207,2.74780966979798e-05,2
557,14,0.000104400491411728,0.9410300254821781,3.0128701546151802e-05,2
558,14,0.000104400491411728,0.9513225555419921,2.7071218439859e-05,2
559,14,0.000104400491411728,0.968604803085327,2.7718196053828602e-05,2
560,14,0.000104400491411728,1.0110905170440698,2.64363999804125e-05,2
561,14,0.000104400491411728,1.0446352958679201,2.38655015870636e-05,2
562,14,0.000104400491411728,1.01924896240234,2.30802089976196e-05,2
563,14,0.000104400491411728,0.9858534336090091,2.65447299915776e-05,2
564,14,0.000104400491411728,0.97046160697937,2.9407966936379603e-05,3
565,14,0.000104400491411728,0.9212260246276859,2.6045489508528102e-05,2
566,14,0.000104400491411728,1.00494122505188,2.3693512076136e-05,2
567,14,0.000104400491411728,0.951956748962402,2.30249949626054e-05,3
568,14,0.000104400491411728,1.0206816196441701,2.0234103956158e-05,3
569,14,0.000104400491411728,0.996082782745361,1.91911681427522e-05,5
570,14,0.000104400491411728,0.9993538856506351,2.12483554901776e-05,2
571,14,0.000104400491411728,1.1072640419006299,2.22899868234418e-05,4
572,14,0.000104400491411728,0.905661582946777,2.26460070518052e-05,3
573,14,0.000104400491411728,1.01410412788391,2.01406148292349e-05,2
574,14,0.000104400491411728,0.978650569915771,2.58629480046446e-05,2
590,16,0.00037240675426547596,1.09006404876709,3.58728983598355e-05,2
591,16,0.00037240675426547596,1.1059498786926298,3.74500911664471e-05,3
592,16,0.00037240675426547596,1.12235283851624,3.58724884906169e-05,2
593,16,0.00037240675426547596,1.09685039520264,3.68692738941935e-05,2
594,16,0.00037240675426547596,1.10344982147217,3.3053232044638695e-05,2
595,16,0.00037240675426547596,1.1070384979248,4.0024254805854905e-05,2
596,16,0.00037240675426547596,1.12163901329041,4.03475880997609e-05,2
597,16,0.00037240675426547596,1.12267160415649,3.6298750642274396e-05,2
598,16,0.00037240675426547596,1.13419842720032,3.31984614611335e-05,2
599,16,0.00037240675426547596,1.13031649589539,3.80105867679174e-05,2
600,16,0.00037240675426547596,1.11460757255554,3.90012012249236e-05,2
601,16,0.00037240675426547596,1.13315415382385,3.8562528240251e-05,2
602,16,0.00037240675426547596,1.11877775192261,4.0451021933106e-05,3
603,16,0.00037240675426547596,1.1184263229370102,4.30495495731584e-05,2
604,16,0.00037240675426547596,1.14251637458801,3.6512146057181105e-05,2
605,16,0.00037240675426547596,1.13024425506592,4.41589378439011e-05,2
606,16,0.00037240675426547596,1.13669443130493,4.1161248245345796e-05,2
607,16,0.00037240675426547596,1.15229940414429,3.70845662328442e-05,3
608,16,0.00037240675426547596,1.45982074737549,2.41834518480278e-05,3
609,16,0.00037240675426547596,1.1039001941680902,4.4526404297313e-05,2
610,16,0.00037240675426547596,1.11038637161255,3.54140459422743e-05,5
611,16,0.00037240675426547596,1.1163547039031998,4.2233712796563e-05,2
612,16,0.00037240675426547596,1.1196684837341297,3.568286419385279e-05,3
613,16,0.00037240675426547596,1.1012365818023702,3.8166374815205396e-05,3
614,16,0.00037240675426547596,1.09284639358521,4.1644935490146797e-05,2
615,16,0.00037240675426547596,1.11104679107666,4.25561678275642e-05,2
616,16,0.00037240675426547596,1.12437272071838,3.68368371191272e-05,3
617,16,0.00037240675426547596,1.10964250564575,4.28826040641159e-05,2
618,16,0.00037240675426547596,1.1231222152709999,4.02492295952111e-05,2
619,16,0.00037240675426547596,1.10493302345276,4.12265469217705e-05,2
620,16,0.00037240675426547596,1.1147663593292199,3.80908338807057e-05,2
621,16,0.00037240675426547596,1.1383476257324199,4.10267433792826e-05,2
622,16,0.00037240675426547596,1.1077709197998,3.62734798342858e-05,2
623,16,0.00037240675426547596,1.14168691635132,4.1842696017929296e-05,3
624,16,0.00037240675426547596,1.1414723396301298,4.00935609013063e-05,3
625,16,0.00037240675426547596,1.14591550827026,4.113572168712e-05,2
626,16,0.00037240675426547596,1.16192388534546,3.988331611394529e-05,2
627,16,0.00037240675426547596,1.1549654006958001,3.4193575112465696e-05,2
628,16,0.00037240675426547596,1.16957354545593,4.023393232807921e-05,2
629,16,0.00037240675426547596,1.13951516151428,3.7583858354808505e-05,2
630,16,0.00037240675426547596,1.13337802886963,3.92979418951653e-05,2
631,17,0.000487194211972683,1.22275543212891,0.000481246831728851,1
632,17,0.000487194211972683,1.18687009811401,0.000436557512094635,1
633,17,0.000487194211972683,1.09487509727478,0.000485547939266364,1
634,17,0.000487194211972683,1.18950986862183,0.00047906541525167596,1
635,17,0.000487194211972683,1.14708733558655,0.000459269798406812,1
636,17,0.000487194211972683,1.15210366249084,0.00046698709824597996,1
637,17,0.000487194211972683,1.15173268318176,0.000448344937989502,1
638,17,0.000487194211972683,1.18514227867126,0.00045313953394087694,1
639,17,0.000487194211972683,1.1581830978393601,0.000458866105962577,1
640,17,0.000487194211972683,1.13382720947266,0.00047780183444487304,1
641,17,0.000487194211972683,1.10486483573914,0.00048403092915723204,1
642,17,0.000487194211972683,1.14126658439636,0.000439288048918582,1
643,17,0.000487194211972683,1.21753668785095,0.000459018939833373,1
644,17,0.000487194211972683,1.19292688369751,0.00046068451634304297,1
645,17,0.000487194211972683,1.10734868049622,0.00046466439022537,1
646,17,0.000487194211972683,1.1434860229492199,0.00048071274218290595,1
647,17,0.000487194211972683,1.1486678123474099,0.000458354629450053,1
648,17,0.000487194211972683,1.1293914318084701,0.00048407935705464805,1
649,17,0.000487194211972683,1.23809170722961,0.00042857266403807204,1
650,17,0.000487194211972683,1.1532874107360802,0.00047224241106417304,1
651,17,0.000487194211972683,1.1848087310791,0.00046800161515619005,1
652,17,0.000487194211972683,1.1560022830963101,0.000475996280892876,1
653,17,0.000487194211972683,1.158846616745,0.00046029277617097596,1
654,17,0.000487194211972683,1.1387121677398702,0.000445257644849937,1
655,17,0.000487194211972683,1.18961215019226,0.000463746477331392,1
656,17,0.000487194211972683,1.2179985046386699,0.00046196306304322805,1
657,17,0.000487194211972683,1.16466760635376,0.00043988504561230597,1
658,17,0.000487194211972683,1.1291663646698,0.00048655792000486,1
659,17,0.000487194211972683,1.19681072235107,0.000444541004724726,1
660,17,0.000487194211972683,1.12844085693359,0.000490730029086033,1
661,17,0.000487194211972683,1.13244557380676,0.00047619851597792694,1
662,17,0.000487194211972683,1.1619861125946003,0.000448375597098076,1
663,17,0.000487194211972683,1.25531983375549,0.00047069963522355994,1
664,17,0.000487194211972683,1.22066473960876,0.000432724833976954,1
665,17,0.000487194211972683,1.18732523918152,0.000488407833772241,1
666,17,0.000487194211972683,1.09315466880798,0.00023456043548183,1
667,18,0.000300832081620689,1.18067216873169,1.5049386957688198e-05,4
668,18,0.000300832081620689,1.1288857460022,1.28694217167045e-05,2
669,18,0.000300832081620689,1.1515579223632801,1.48391263619363e-05,4
670,18,0.000300832081620689,1.15443420410156,1.4712955113568698e-05,5
671,18,0.000300832081620689,1.10078167915344,1.45156001967781e-05,5
672,18,0.000300832081620689,1.08913087844849,1.9357433539106302e-05,5
673,18,0.000300832081620689,1.04924511909485,1.52723908593945e-05,4
674,18,0.000300832081620689,1.10349178314209,1.75657029419249e-05,4
675,18,0.000300832081620689,1.11673259735107,1.47339129777083e-05,4
676,18,0.000300832081620689,1.11634492874146,1.61644095851773e-05,7
677,18,0.000300832081620689,1.12384510040283,1.72404469591291e-05,4
678,18,0.000300832081620689,1.14348697662354,1.42103686185478e-05,6
679,18,0.000300832081620689,1.1320858001709,1.73054314704469e-05,4
680,18,0.000300832081620689,1.1038894653320301,1.76883504936334e-05,6
681,18,0.000300832081620689,1.09825754165649,2.0496262430396697e-05,2
682,18,0.000300832081620689,1.11924934387207,1.65134954687994e-05,6
683,18,0.000300832081620689,1.10582518577576,1.60056802590203e-05,8
684,18,0.000300832081620689,1.1788220405578602,1.8888432440212602e-05,3
685,18,0.000300832081620689,1.13586354255676,1.6901183044315602e-05,5
686,18,0.000300832081620689,1.12691783905029,1.79649916104129e-05,4
687,18,0.000300832081620689,1.12421250343323,1.7386189336629402e-05,5
688,18,0.000300832081620689,1.5077793598175002,3.73564665977101e-05,4
689,18,0.000300832081620689,1.01959371566772,1.7946484191038396e-05,6
690,18,0.000300832081620689,1.1110141277313201,1.57483949214432e-05,4
691,18,0.000300832081620689,1.09450316429138,1.7453572531557998e-05,5
692,18,0.000300832081620689,1.0913999080658001,1.9839302505680398e-05,5
693,18,0.000300832081620689,1.2150259017944298,1.71321463180781e-05,8
694,18,0.000300832081620689,0.956037998199463,1.68143065830741e-05,3
695,18,0.000300832081620689,1.09470129013062,1.52667275263571e-05,9
696,18,0.000300832081620689,1.07138586044312,1.71286038794355e-05,7
697,18,0.000300832081620689,1.06498742103577,1.90578129822203e-05,4
698,18,0.000300832081620689,1.0696988105773901,2.01911950664822e-05,7
699,18,0.000300832081620689,1.0502464771270799,1.89116663778075e-05,3
700,18,0.000300832081620689,1.02451419830322,1.7994982506147198e-05,6
701,18,0.000300832081620689,1.0308406352996802,2.1317760656429e-05,3
702,18,0.000300832081620689,1.0487375259399399,1.7407054885945802e-05,7
703,19,0.00016895038503049098,1.1471958160400402,2.99924003796195e-05,4
704,19,0.00016895038503049098,1.1378488540649399,3.0088501284861e-05,4
705,19,0.00016895038503049098,1.1386466026306201,3.04700571340354e-05,3
706,19,0.00016895038503049098,1.14457583427429,4.09626315723712e-05,3
707,19,0.00016895038503049098,1.1451604366302501,3.59582785273526e-05,3
708,19,0.00016895038503049098,1.14957308769226,3.46297450103728e-05,3
709,19,0.00016895038503049098,1.1475133895874,3.0933254602166495e-05,3
710,19,0.00016895038503049098,1.1343958377838101,3.52654602356995e-05,3
711,19,0.00016895038503049098,1.15651702880859,3.78155981635619e-05,3
712,19,0.00016895038503049098,1.09674906730652,3.6828361589958795e-05,3
713,19,0.00016895038503049098,1.10609865188599,3.14474155012376e-05,4
714,19,0.00016895038503049098,1.1813259124755902,2.9028442901904304e-05,3
715,19,0.00016895038503049098,1.10023641586304,3.44560622240013e-05,3
716,19,0.00016895038503049098,1.10947227478027,4.05787316931865e-05,3
717,19,0.00016895038503049098,1.09207844734192,3.25431474535593e-05,3
718,19,0.00016895038503049098,1.0789983272552501,4.8835228143199295e-05,3
719,19,0.00016895038503049098,1.1023805141449,3.8818300337732596e-05,4
720,19,0.00016895038503049098,1.12640905380249,3.82331782082923e-05,3
721,19,0.00016895038503049098,1.09987711906433,4.58072140989169e-05,5
722,19,0.00016895038503049098,1.10606694221497,3.53351118855714e-05,3
723,19,0.00016895038503049098,1.1157414913177501,3.41404339143439e-05,3
724,19,0.00016895038503049098,1.09113192558289,3.58820123108156e-05,4
725,19,0.00016895038503049098,1.13090467453003,3.76405384678005e-05,4
726,19,0.00016895038503049098,1.1244289875030502,4.07415137010455e-05,3
727,19,0.00016895038503049098,1.10428285598755,4.327612640060829e-05,3
728,19,0.00016895038503049098,1.1588315963745102,3.97720232900866e-05,3
729,19,0.00016895038503049098,1.15284991264343,3.8121788480922206e-05,4
730,19,0.00016895038503049098,1.14146828651428,3.5106498106272604e-05,3
731,19,0.00016895038503049098,1.12916016578674,3.88214099101095e-05,3
732,19,0.00016895038503049098,1.1298108100891102,4.241003410972821e-05,4
733,19,0.00016895038503049098,1.09359574317932,3.510904203904461e-05,4
734,19,0.00016895038503049098,1.0857369899749798,3.525475133411429e-05,3
735,19,0.00016895038503049098,1.0823187828064,4.24580416427789e-05,3
736,19,0.00016895038503049098,1.08421874046326,4.2029586547917495e-05,5
737,19,0.00016895038503049098,1.0822479724884,3.5957356850887105e-05,2
738,19,0.00016895038503049098,1.09182357788086,4.2205918266978996e-05,3
739,19,0.00016895038503049098,1.09390139579773,3.8117744413931296e-05,3
805,22,0.000145529104403554,1.0748000144958498,2.7839730438603302e-05,4
806,22,0.000145529104403554,1.06018114089966,2.7931377803144e-05,4
807,22,0.000145529104403554,1.0754170417785602,2.8524087780342e-05,5
808,22,0.000145529104403554,1.07757973670959,3.3738460619831605e-05,4
809,22,0.000145529104403554,1.08488774299622,2.86995445818682e-05,5
810,22,0.000145529104403554,1.04284238815308,2.78970291265008e-05,4
811,22,0.000145529104403554,1.01026892662048,3.06971699334111e-05,5
812,22,0.000145529104403554,1.08429026603699,2.72854572918724e-05,4
813,22,0.000145529104403554,1.1235852241516102,3.0554872889050895e-05,4
814,22,0.000145529104403554,1.1148262023925801,3.11474514259738e-05,4
815,22,0.000145529104403554,1.01584839820862,2.8045085656529802e-05,4
816,22,0.000145529104403554,1.1102180480957,2.98300899680421e-05,3
817,22,0.000145529104403554,0.9963552951812741,2.7534703958863103e-05,4
818,22,0.000145529104403554,1.1301646232605,2.9543611014174605e-05,3
819,22,0.000145529104403554,1.08335494995117,3.45617126580198e-05,6
820,22,0.000145529104403554,1.08995389938354,3.39102942702434e-05,3
821,22,0.000145529104403554,1.1049747467041,3.44717384219099e-05,3
822,22,0.000145529104403554,1.11039662361145,2.60467816204035e-05,4
823,22,0.000145529104403554,1.08496737480164,3.5966596866489204e-05,4
824,22,0.000145529104403554,1.0797653198242199,2.3123471598507897e-05,5
825,22,0.000145529104403554,1.54978823661804,3.11332787774633e-05,6
826,22,0.000145529104403554,1.0645103454589802,2.97502499861456e-05,5
827,22,0.000145529104403554,1.02416753768921,2.70097923226198e-05,7
828,22,0.000145529104403554,1.08766269683838,2.9066363780168396e-05,4
829,22,0.000145529104403554,1.13565516471863,2.9552185857712397e-05,4
830,22,0.000145529104403554,1.00058269500732,2.68912908010781e-05,4
831,22,0.000145529104403554,1.12030935287476,3.25810602159008e-05,3
832,22,0.000145529104403554,0.996578931808472,2.59841990280061e-05,5
833,22,0.000145529104403554,1.05523061752319,2.63742338964067e-05,5
834,22,0.000145529104403554,1.06259489059448,2.70941020941835e-05,4
835,22,0.000145529104403554,1.14332747459412,3.2632242604057396e-05,4
836,22,0.000145529104403554,1.00139093399048,2.40416031768763e-05,5
837,22,0.000145529104403554,1.1498818397522,2.83838461302594e-05,4
838,22,0.000145529104403554,1.02445101737976,2.34153997691041e-05,5
839,22,0.000145529104403554,1.14725494384766,2.73754719688419e-05,4
840,22,0.000145529104403554,1.15141224861145,2.53293792128624e-05,4
841,22,0.000145529104403554,0.973062038421631,2.46864760073905e-05,4
842,22,0.000145529104403554,1.1327390670776398,2.82780876880913e-05,5
843,22,0.000145529104403554,1.03865051269531,2.52268703428828e-05,4
844,23,0.000137233462847088,1.0775563716888399,1.4621940681376099e-05,4
845,23,0.000137233462847088,1.0730772018432602,1.55614260916069e-05,2
846,23,0.000137233462847088,1.0948073863983199,1.61924246429031e-05,3
847,23,0.000137233462847088,1.0744206905365001,1.1921922411346001e-05,4
848,23,0.000137233462847088,1.07907056808472,1.3237017991721301e-05,6
849,23,0.000137233462847088,1.1005439758300801,1.4236832804426e-05,3
850,23,0.000137233462847088,1.0682687759399399,1.64669123741296e-05,2
851,23,0.000137233462847088,1.07881784439087,1.4911434089679599e-05,5
852,23,0.000137233462847088,1.08235692977905,1.35600333414333e-05,4
853,23,0.000137233462847088,1.0851411819458001,1.4980809271454998e-05,5
854,23,0.000137233462847088,1.10346293449402,1.28150330245388e-05,4
855,23,0.000137233462847088,1.1274623870849598,1.37512982612108e-05,4
856,23,0.000137233462847088,1.1267161369323702,1.1999273282906699e-05,5
857,23,0.000137233462847088,1.11859726905823,1.51035073056318e-05,4
858,23,0.000137233462847088,1.1977503299713101,1.45971613028974e-05,8
859,23,0.000137233462847088,1.1040852069854699,1.68245844707031e-05,4
860,23,0.000137233462847088,1.0910420417785602,1.1086200722424301e-05,4
861,23,0.000137233462847088,1.15183925628662,1.15426647662673e-05,5
862,23,0.000137233462847088,1.07600426673889,1.49685114902788e-05,2
863,23,0.000137233462847088,1.12483286857605,1.3329605106327401e-05,3
864,23,0.000137233462847088,1.08784008026123,1.3502943643404599e-05,3
865,23,0.000137233462847088,1.1187961101531998,1.20570669187916e-05,6
866,23,0.000137233462847088,1.09562015533447,1.4788572057389499e-05,2
867,23,0.000137233462847088,1.08796834945679,1.58058004234352e-05,2
868,23,0.000137233462847088,1.08245825767517,1.6262510128842998e-05,4
869,23,0.000137233462847088,1.09046220779419,1.80459454026818e-05,4
870,23,0.000137233462847088,1.10798835754395,1.33332091024654e-05,4
871,23,0.000137233462847088,1.0975735187530502,1.30774217312879e-05,3
872,23,0.000137233462847088,1.0833327770233199,1.41994873614073e-05,5
873,23,0.000137233462847088,1.06950783729553,1.2660023055603099e-05,4
874,23,0.000137233462847088,1.0746386051178,1.53022302408789e-05,4
875,23,0.000137233462847088,1.07409930229187,1.57763128339551e-05,4
876,23,0.000137233462847088,1.07244610786438,1.4570065374508401e-05,4
877,23,0.000137233462847088,1.06491589546204,1.5957116357737803e-05,3
878,23,0.000137233462847088,1.1279001235961899,1.36375566575443e-05,5
879,23,0.000137233462847088,1.11496305465698,1.29118968214379e-05,6
880,23,0.000137233462847088,1.10490465164185,1.30640541418727e-05,3
881,23,0.000137233462847088,1.1215915679931598,1.36000037305888e-05,5
882,23,0.000137233462847088,1.10016393661499,1.16145520317377e-05,4
883,23,0.000137233462847088,1.13268828392029,1.37244329360694e-05,4
884,23,0.000137233462847088,1.1337194442749,1.44644937397225e-05,4
885,24,0.000134350000631688,1.08819174766541,2.5269329423260502e-05,5
886,24,0.000134350000631688,1.11759781837463,2.21798760705136e-05,4
887,24,0.000134350000631688,1.12988042831421,2.49191092499709e-05,4
888,24,0.000134350000631688,1.1081135272979699,2.7125618854359e-05,3
889,24,0.000134350000631688,1.09849762916565,2.06590249851685e-05,5
890,24,0.000134350000631688,1.09286904335022,2.09053962498946e-05,4
891,24,0.000134350000631688,1.07397055625916,1.99509411642337e-05,6
892,24,0.000134350000631688,1.07254195213318,2.4317225238178197e-05,6
893,24,0.000134350000631688,1.1121852397918701,2.9052068426208302e-05,5
894,24,0.000134350000631688,1.0567698478698702,2.60082340330233e-05,5
895,24,0.000134350000631688,1.07660460472107,2.4037609688829398e-05,4
896,24,0.000134350000631688,1.10765981674194,2.2418133888618303e-05,5
897,24,0.000134350000631688,1.09246778488159,2.9428681177283003e-05,3
898,24,0.000134350000631688,1.0824387073516801,2.1166750182908398e-05,6
899,24,0.000134350000631688,1.0716609954834,2.2248687027930102e-05,4
900,24,0.000134350000631688,1.0959079265594498,2.5640262274368102e-05,4
901,24,0.000134350000631688,1.11900639533997,1.96691554532798e-05,7
902,24,0.000134350000631688,1.09125304222107,2.13145667006882e-05,4
903,24,0.000134350000631688,1.12294435501099,2.06221671171393e-05,5
904,24,0.000134350000631688,1.25499868392944,2.4229654436152698e-05,5
905,24,0.000134350000631688,1.0291059017181399,2.26725149577579e-05,3
906,24,0.000134350000631688,1.0791203975677501,2.25633737289346e-05,4
907,24,0.000134350000631688,1.0868952274322499,2.26172211304353e-05,4
908,24,0.000134350000631688,1.0589382648468002,2.24733554099647e-05,2
909,24,0.000134350000631688,1.11059045791626,2.60215894428663e-05,3
910,24,0.000134350000631688,1.03580212593079,2.7483522429531697e-05,4
911,24,0.000134350000631688,1.0871274471283001,2.3185209106698898e-05,5
912,24,0.000134350000631688,1.04133176803589,2.59047829486269e-05,3
913,24,0.000134350000631688,1.04561448097229,2.47155806449857e-05,4
914,24,0.000134350000631688,1.0153329372406,2.2955125868180397e-05,4
915,24,0.000134350000631688,1.06228756904602,2.49919826182714e-05,6
916,24,0.000134350000631688,1.06176829338074,2.42490680458393e-05,6
917,24,0.000134350000631688,1.03227949142456,2.4172992181814398e-05,3
918,24,0.000134350000631688,1.06764221191406,2.2495929384689302e-05,4
919,24,0.000134350000631688,1.07174158096313,2.14456381676619e-05,6
920,24,0.000134350000631688,1.0828928947448702,2.35010499044327e-05,6
921,24,0.000134350000631688,1.0915219783783001,2.13748403476828e-05,4
922,24,0.000134350000631688,1.04849672317505,2.68651975878746e-05,2
923,24,0.000134350000631688,1.05727458000183,2.27963091460978e-05,4
924,24,0.000134350000631688,1.08799266815186,2.2852885940714102e-05,5
925,24,0.000134350000631688,1.0574481487274199,2.1688242031483603e-05,7
926,25,0.000165926438311212,1.18684220314026,2.1375282688718697e-05,1
927,25,0.000165926438311212,1.1945831775665299,2.1973719139991396e-05,2
928,25,0.000165926438311212,1.1729302406311002,2.26441519917596e-05,2
929,25,0.000165926438311212,1.19831585884094,2.1686648676069397e-05,1
930,25,0.000165926438311212,1.19549417495728,1.95556880455993e-05,3
931,25,0.000165926438311212,1.18453598022461,2.2376263429961398e-05,2
932,25,0.000165926438311212,1.1990497112274199,1.86620800112885e-05,3
933,25,0.000165926438311212,1.1928539276123,2.0889341092706e-05,4
934,25,0.000165926438311212,1.23656296730042,1.77928905565148e-05,5
935,25,0.000165926438311212,1.1890692710876498,2.0190411223126502e-05,3
936,25,0.000165926438311212,1.1768789291381798,2.2938190149419898e-05,3
937,25,0.000165926438311212,1.2002780437469498,1.89800578520882e-05,4
938,25,0.000165926438311212,1.20475840568542,2.0596034623318102e-05,3
939,25,0.000165926438311212,1.20707607269287,2.11633111485403e-05,3
940,25,0.000165926438311212,1.20156502723694,2.30369674529325e-05,3
941,25,0.000165926438311212,1.2237651348113998,2.28326201900904e-05,4
942,25,0.000165926438311212,1.2353293895721398,1.7798716786229802e-05,4
943,25,0.000165926438311212,1.2579343318939198,2.0904959597175197e-05,4
944,25,0.000165926438311212,1.5223617553710902,2.35685413313947e-05,10
945,25,0.000165926438311212,1.31853127479553,1.76669697008742e-05,5
946,25,0.000165926438311212,1.2387075424194298,2.11927443741416e-05,2
947,25,0.000165926438311212,1.21871447563171,2.9132556147225e-05,4
948,25,0.000165926438311212,1.2365391254425,2.73998118387996e-05,3
949,25,0.000165926438311212,1.13033294677734,1.71213203551837e-05,6
950,25,0.000165926438311212,1.1833026409149199,1.79227236164208e-05,8
951,25,0.000165926438311212,1.20230054855347,2.37260189147103e-05,4
952,25,0.000165926438311212,1.18285655975342,2.81116662911953e-05,3
953,25,0.000165926438311212,1.20204424858093,1.9936260511483103e-05,5
954,25,0.000165926438311212,1.1476788520813,3.27654701082551e-05,2
955,25,0.000165926438311212,1.16993165016174,2.2043234891306698e-05,3
956,25,0.000165926438311212,1.16475176811218,2.0394775664665803e-05,3
957,25,0.000165926438311212,1.17106556892395,2.1737035710140698e-05,5
958,25,0.000165926438311212,1.16870737075806,2.2760441931632503e-05,4
959,25,0.000165926438311212,1.16541266441345,2.0257681698578e-05,5
960,25,0.000165926438311212,1.1725041866302501,3.2277968879853005e-05,3
961,25,0.000165926438311212,1.17282176017761,2.58118911312537e-05,7
962,26,0.00020905337949451102,1.1549897193908703,2.02943484927216e-05,3
963,26,0.00020905337949451102,1.1234924793243402,2.11203359489946e-05,4
964,26,0.00020905337949451102,1.1724710464477501,2.01957613344246e-05,3
965,26,0.00020905337949451102,1.17833852767944,2.0410425539011302e-05,4
966,26,0.00020905337949451102,1.14925408363342,1.74124104516647e-05,5
967,26,0.00020905337949451102,1.1682856082916298,1.71328612540041e-05,4
968,26,0.00020905337949451102,1.15378022193909,2.02121335162623e-05,5
969,26,0.00020905337949451102,1.14766526222229,1.93209179080762e-05,5
970,26,0.00020905337949451102,1.1466207504272499,1.9943104274224802e-05,3
971,26,0.00020905337949451102,1.16155099868774,2.0392380844282e-05,4
972,26,0.00020905337949451102,1.18495583534241,1.8560166880407603e-05,3
973,26,0.00020905337949451102,1.1577959060668899,1.7675475315373e-05,5
974,26,0.00020905337949451102,1.18571138381958,1.80192398695522e-05,4
975,26,0.00020905337949451102,1.17192602157593,2.1538520029076502e-05,6
976,26,0.00020905337949451102,1.1834728717803997,2.1864627889270002e-05,3
977,26,0.00020905337949451102,1.2177426815033001,1.74986650608318e-05,2
978,26,0.00020905337949451102,1.2731292247772201,1.5539834477556697e-05,9
979,26,0.00020905337949451102,1.28623938560486,1.93855724909852e-05,3
980,26,0.00020905337949451102,1.20826101303101,1.56064479619602e-05,6
981,26,0.00020905337949451102,1.21674728393555,1.7859691686609803e-05,7
982,26,0.00020905337949451102,1.17841029167175,2.1401316859285e-05,7
983,26,0.00020905337949451102,1.1927096843719498,2.0871122060372e-05,3
984,26,0.00020905337949451102,1.1920108795166,1.7223382261154402e-05,4
985,26,0.00020905337949451102,1.16516184806824,1.8076646635217998e-05,4
986,26,0.00020905337949451102,1.1491687297821003,1.9340036649870602e-05,3
987,26,0.00020905337949451102,1.1705915927887,1.8525795858934e-05,3
988,26,0.00020905337949451102,1.15070700645447,1.86901435902843e-05,5
989,26,0.00020905337949451102,1.16367077827454,2.05548729979548e-05,4
990,26,0.00020905337949451102,1.1675488948822,1.8756324315191e-05,6
991,26,0.00020905337949451102,1.16508340835571,2.06136113159783e-05,4
992,26,0.00020905337949451102,1.16222214698792,1.76960548719469e-05,5
993,26,0.00020905337949451102,1.16889619827271,1.86151110072033e-05,6
994,26,0.00020905337949451102,1.16626501083374,1.77596186638082e-05,5
995,26,0.00020905337949451102,1.1685600280761699,1.94570140447654e-05,4
996,26,0.00020905337949451102,1.17487907409668,1.9579152574698898e-05,4
997,26,0.00020905337949451102,1.2062175273895301,1.90537258992564e-05,4
1076,29,0.000171686976955371,1.2087094783783001,1.3906930133826e-05,4
1077,29,0.000171686976955371,1.2328724861145,1.32021124835051e-05,6
1078,29,0.000171686976955371,1.22833657264709,1.2147244093005198e-05,6
1079,29,0.000171686976955371,1.2347993850708001,1.51246703780654e-05,5
1080,29,0.000171686976955371,1.2368988990783703,1.1320640720380499e-05,4
1081,29,0.000171686976955371,1.26852464675903,1.6691957165400697e-05,4
1082,29,0.000171686976955371,1.23117780685425,1.33668631725465e-05,4
1083,29,0.000171686976955371,1.24434351921082,1.2064666172089699e-05,7
1084,29,0.000171686976955371,1.2504255771637,1.29062314025726e-05,3
1085,29,0.000171686976955371,1.27081537246704,1.4295992729972699e-05,6
1086,29,0.000171686976955371,1.21927952766418,1.97930435178506e-05,6
1087,29,0.000171686976955371,1.19919896125793,2.07022640015169e-05,7
1088,29,0.000171686976955371,1.2144885063171398,1.6432037576225e-05,6
1089,29,0.000171686976955371,1.2404482364654499,1.8759618842580104e-05,4
1090,29,0.000171686976955371,1.2258908748626698,1.3404020443812402e-05,7
1091,29,0.000171686976955371,1.2462682723999,1.60581042252656e-05,7
1092,29,0.000171686976955371,1.25299692153931,1.62379649383114e-05,6
1093,29,0.000171686976955371,1.25170493125916,8.554779182380299e-06,5
1094,29,0.000171686976955371,1.19602799415588,2.0712082601031698e-05,2
1095,29,0.000171686976955371,1.206782579422,1.9159252449780102e-05,3
1096,29,0.000171686976955371,1.23073625564575,1.62414331241418e-05,3
1097,29,0.000171686976955371,1.2454504966735802,1.6352600115787303e-05,4
1098,29,0.000171686976955371,1.2509078979492199,1.85433349819073e-05,6
1099,29,0.000171686976955371,1.21567368507385,1.53730361471192e-05,8
1100,29,0.000171686976955371,1.22335386276245,1.24361392687e-05,2
1101,29,0.000171686976955371,1.29454302787781,2.41530050146187e-05,3
1102,29,0.000171686976955371,1.2445104122161899,1.35824495501632e-05,8
1103,29,0.000171686976955371,1.2477028369903602,1.4292048989673801e-05,8
1104,29,0.000171686976955371,1.2680242061615001,1.72524782837611e-05,8
1105,29,0.000171686976955371,1.20433497428894,1.29771629833388e-05,10
1106,29,0.000171686976955371,1.28788995742798,1.33875235963969e-05,11
1107,29,0.000171686976955371,1.22307705879211,1.84704048802352e-05,4
1108,29,0.000171686976955371,1.23428416252136,1.57821879523381e-05,8
1109,30,9.63678526096381e-05,1.2234718799591102,1.68835804185666e-05,4
1110,30,9.63678526096381e-05,1.1901383399963401,1.78179805883361e-05,6
1111,30,9.63678526096381e-05,1.18721437454224,1.5604922644562e-05,4
1112,30,9.63678526096381e-05,1.2097375392913798,1.85586633071202e-05,6
1113,30,9.63678526096381e-05,1.1990351676940902,1.63001757621994e-05,6
1114,30,9.63678526096381e-05,1.18408799171448,1.70879432612314e-05,5
1115,30,9.63678526096381e-05,1.19857335090637,1.7471464408874e-05,4
1116,30,9.63678526096381e-05,1.1802444458007801,1.4694286154494699e-05,5
1117,30,9.63678526096381e-05,1.1853861808776898,1.66082259637079e-05,6
1118,30,9.63678526096381e-05,1.1891837120056201,1.93278748479453e-05,4
1119,30,9.63678526096381e-05,1.1877436637878402,1.55004034915242e-05,5
1120,30,9.63678526096381e-05,1.20317554473877,1.45733923375516e-05,6
1121,30,9.63678526096381e-05,1.23468160629272,1.7524346610072197e-05,4
1122,30,9.63678526096381e-05,1.2546918392181399,1.71167470585251e-05,6
1123,30,9.63678526096381e-05,1.1800420284271202,1.8016218316145603e-05,4
1124,30,9.63678526096381e-05,1.22234058380127,1.6532695075120497e-05,6
1125,30,9.63678526096381e-05,1.2032082080841102,1.65209616858026e-05,2
1126,30,9.63678526096381e-05,1.1891391277313201,1.5094499994081302e-05,5
1127,30,9.63678526096381e-05,1.2096893787384,1.7699460720798302e-05,5
1128,30,9.63678526096381e-05,1.20797300338745,1.6724126717997597e-05,5
1129,30,9.63678526096381e-05,1.25767469406128,1.65450309989802e-05,7
1130,30,9.63678526096381e-05,1.4288871288299598,1.84807942690273e-05,8
1131,30,9.63678526096381e-05,1.17862129211426,1.69666942891416e-05,4
1132,30,9.63678526096381e-05,1.22093749046326,1.9845188671858702e-05,6
1133,30,9.63678526096381e-05,1.21449303627014,1.8693693710999803e-05,5
1134,30,9.63678526096381e-05,1.18949818611145,1.8533210358668696e-05,4
1135,30,9.63678526096381e-05,1.18304300308228,1.79409830450214e-05,2
1136,30,9.63678526096381e-05,1.2451453208923302,1.6273938654266e-05,3
1137,30,9.63678526096381e-05,1.14394021034241,1.68653866180272e-05,3
1138,30,9.63678526096381e-05,1.1551980972290001,1.9338006326013898e-05,5
1139,30,9.63678526096381e-05,1.17823457717896,1.8608705100296698e-05,3
1140,30,9.63678526096381e-05,1.1660330295562702,2.21920100896269e-05,4
1141,30,9.63678526096381e-05,1.16107845306396,2.28606152624923e-05,3
1142,30,9.63678526096381e-05,1.1220023632049598,1.87365332292668e-05,3
1143,30,9.63678526096381e-05,1.14972424507141,1.9941713858478502e-05,3
1144,30,9.63678526096381e-05,1.15509605407715,1.79863930077237e-05,6
1145,30,9.63678526096381e-05,1.11579656600952,1.8885095560904397e-05,4
1146,30,9.63678526096381e-05,1.14954662322998,1.81772588182254e-05,4
1147,31,0.00047153563058140196,1.15546870231628,2.0423710366930302e-05,4
1148,31,0.00047153563058140196,1.1864767074584999,2.43175418461697e-05,6
1149,31,0.00047153563058140196,1.17456865310669,3.37740756149533e-05,4
1150,31,0.00047153563058140196,1.1402556896209701,2.037923973096e-05,5
1151,31,0.00047153563058140196,1.14839196205139,2.22066281270075e-05,2
1152,31,0.00047153563058140196,1.1405189037323,2.14460727451237e-05,4
1153,31,0.00047153563058140196,1.13059902191162,1.95876252241988e-05,2
1154,31,0.00047153563058140196,1.12358069419861,1.8665741712680398e-05,5
1155,31,0.00047153563058140196,1.11440110206604,2.07122384408891e-05,4
1156,31,0.00047153563058140196,1.14053082466125,1.9223745026773604e-05,6
1157,31,0.00047153563058140196,1.12285709381104,2.29770073182275e-05,4
1158,31,0.00047153563058140196,1.1240139007568402,2.2392395840638396e-05,7
1159,31,0.00047153563058140196,1.12499070167542,2.302980628214e-05,5
1160,31,0.00047153563058140196,1.13928008079529,3.39611428826112e-05,3
1161,31,0.00047153563058140196,1.1563181877136202,2.4959203725767802e-05,3
1162,31,0.00047153563058140196,1.1433606147766102,2.0934642432093803e-05,4
1163,31,0.00047153563058140196,1.1430439949035602,2.8464884936375603e-05,4
1164,31,0.00047153563058140196,1.13882660865784,2.0279458408863698e-05,2
1165,31,0.00047153563058140196,1.1440320014953602,2.15714419494125e-05,5
1166,31,0.00047153563058140196,1.17120981216431,2.482691883876e-05,3
1167,31,0.00047153563058140196,1.16128993034363,3.4256320838012e-05,5
1168,31,0.00047153563058140196,1.13164472579956,2.40423352304455e-05,2
1169,31,0.00047153563058140196,1.1315131187438998,2.1256397509715697e-05,4
1170,31,0.00047153563058140196,1.1392786502838101,2.2730626960612198e-05,4
1171,31,0.00047153563058140196,1.1265897750854499,2.2834674019085396e-05,2
1172,31,0.00047153563058140196,1.12045359611511,2.33951626076758e-05,3
1173,31,0.00047153563058140196,1.11110973358154,3.14883305573316e-05,2
1174,31,0.00047153563058140196,1.11833453178406,2.43704614322844e-05,5
1175,31,0.00047153563058140196,1.1005465984344498,2.99016478486601e-05,4
1176,31,0.00047153563058140196,1.0963938236236601,2.8690811576851097e-05,3
1177,31,0.00047153563058140196,1.0962209701538101,2.1057111997241002e-05,5
1178,31,0.00047153563058140196,1.1067101955413798,3.63929352643008e-05,4
1179,31,0.00047153563058140196,1.11336588859558,2.8011150427413696e-05,3
1180,31,0.00047153563058140196,1.11693120002747,2.70644264625297e-05,5
1181,31,0.00047153563058140196,1.11641669273376,2.22367661175441e-05,2
1182,31,0.00047153563058140196,1.11922097206116,3.6579261108652295e-05,4
1183,31,0.00047153563058140196,1.10782504081726,2.69447675810161e-05,5
1220,33,0.000355284052418158,0.901361227035522,2.1477063261039102e-05,6
